,code
0,bj.430047
1,bj.430090
2,bj.430198
3,bj.430418
4,bj.430489
5,bj.430510
6,bj.830799
7,bj.830832
8,bj.830839
9,bj.830946
10,bj.830964
11,bj.831010
12,bj.831039
13,bj.831305
14,bj.831370
15,bj.831445
16,bj.831726
17,bj.831768
18,bj.831832
19,bj.831856
20,bj.831961
21,bj.832000
22,bj.832089
23,bj.832145
24,bj.832171
25,bj.832225
26,bj.832278
27,bj.832317
28,bj.832566
29,bj.832735
30,bj.832885
31,bj.833266
32,bj.833346
33,bj.833427
34,bj.833454
35,bj.833509
36,bj.833523
37,bj.833819
38,bj.833873
39,bj.833874
40,bj.833994
41,bj.834021
42,bj.834415
43,bj.834475
44,bj.834599
45,bj.834682
46,bj.834765
47,bj.835174
48,bj.835179
49,bj.835184
50,bj.835185
51,bj.835305
52,bj.835368
53,bj.835508
54,bj.835640
55,bj.835670
56,bj.836077
57,bj.836149
58,bj.836239
59,bj.836260
60,bj.836263
61,bj.836433
62,bj.836675
63,bj.836720
64,bj.836826
65,bj.836892
66,bj.837092
67,bj.837212
68,bj.837242
69,bj.837344
70,bj.838030
71,bj.838163
72,bj.838275
73,bj.838924
74,bj.839167
75,bj.839680
76,bj.839729
77,bj.839946
78,bj.870204
79,bj.870436
80,bj.871245
81,bj.871396
82,bj.871553
83,bj.871642
84,bj.871857
85,bj.871981
86,bj.872925
87,sh.000001
88,sh.000002
89,sh.000003
90,sh.000004
91,sh.000005
92,sh.000006
93,sh.000007
94,sh.000008
95,sh.000009
96,sh.000010
97,sh.000011
98,sh.000012
99,sh.000013
100,sh.000015
101,sh.000016
102,sh.000017
103,sh.000018
104,sh.000019
105,sh.000020
106,sh.000021
107,sh.000022
108,sh.000025
109,sh.000026
110,sh.000027
111,sh.000028
112,sh.000029
113,sh.000030
114,sh.000031
115,sh.000032
116,sh.000033
117,sh.000034
118,sh.000035
119,sh.000036
120,sh.000037
121,sh.000038
122,sh.000039
123,sh.000040
124,sh.000041
125,sh.000042
126,sh.000043
127,sh.000044
128,sh.000045
129,sh.000046
130,sh.000047
131,sh.000048
132,sh.000049
133,sh.000050
134,sh.000051
135,sh.000052
136,sh.000053
137,sh.000054
138,sh.000056
139,sh.000057
140,sh.000058
141,sh.000059
142,sh.000060
143,sh.000061
144,sh.000062
145,sh.000063
146,sh.000064
147,sh.000065
148,sh.000066
149,sh.000067
150,sh.000068
151,sh.000069
152,sh.000070
153,sh.000071
154,sh.000072
155,sh.000073
156,sh.000074
157,sh.000075
158,sh.000076
159,sh.000077
160,sh.000078
161,sh.000079
162,sh.000090
163,sh.000091
164,sh.000092
165,sh.000093
166,sh.000094
167,sh.000095
168,sh.000096
169,sh.000097
170,sh.000098
171,sh.000099
172,sh.000100
173,sh.000101
174,sh.000102
175,sh.000103
176,sh.000104
177,sh.000105
178,sh.000106
179,sh.000107
180,sh.000108
181,sh.000109
182,sh.000110
183,sh.000111
184,sh.000112
185,sh.000113
186,sh.000114
187,sh.000115
188,sh.000116
189,sh.000117
190,sh.000118
191,sh.000119
192,sh.000120
193,sh.000121
194,sh.000122
195,sh.000123
196,sh.000125
197,sh.000126
198,sh.000128
199,sh.000129
200,sh.000130
201,sh.000131
202,sh.000132
203,sh.000133
204,sh.000134
205,sh.000135
206,sh.000136
207,sh.000137
208,sh.000138
209,sh.000139
210,sh.000141
211,sh.000142
212,sh.000145
213,sh.000146
214,sh.000147
215,sh.000148
216,sh.000149
217,sh.000150
218,sh.000151
219,sh.000152
220,sh.000153
221,sh.000155
222,sh.000158
223,sh.000159
224,sh.000160
225,sh.000161
226,sh.000162
227,sh.000300
228,sh.000802
229,sh.000805
230,sh.000806
231,sh.000807
232,sh.000808
233,sh.000814
234,sh.000816
235,sh.000819
236,sh.000821
237,sh.000823
238,sh.000827
239,sh.000828
240,sh.000832
241,sh.000846
242,sh.000847
243,sh.000849
244,sh.000851
245,sh.000852
246,sh.000853
247,sh.000854
248,sh.000855
249,sh.000856
250,sh.000857
251,sh.000858
252,sh.000901
253,sh.000903
254,sh.000904
255,sh.000905
256,sh.000906
257,sh.000908
258,sh.000909
259,sh.000910
260,sh.000911
261,sh.000912
262,sh.000913
263,sh.000914
264,sh.000917
265,sh.000918
266,sh.000919
267,sh.000922
268,sh.000925
269,sh.000928
270,sh.000931
271,sh.000932
272,sh.000933
273,sh.000934
274,sh.000935
275,sh.000940
276,sh.000944
277,sh.000950
278,sh.000951
279,sh.000952
280,sh.000957
281,sh.000958
282,sh.000959
283,sh.000961
284,sh.000963
285,sh.000964
286,sh.000966
287,sh.000969
288,sh.000971
289,sh.000974
290,sh.000975
291,sh.000977
292,sh.000978
293,sh.000979
294,sh.000982
295,sh.000983
296,sh.000984
297,sh.000986
298,sh.000987
299,sh.000989
300,sh.000990
301,sh.000991
302,sh.000992
303,sh.000993
304,sh.000998
305,sh.600000
306,sh.600004
307,sh.600006
308,sh.600007
309,sh.600008
310,sh.600009
311,sh.600010
312,sh.600011
313,sh.600012
314,sh.600015
315,sh.600016
316,sh.600017
317,sh.600018
318,sh.600019
319,sh.600020
320,sh.600021
321,sh.600022
322,sh.600023
323,sh.600025
324,sh.600026
325,sh.600027
326,sh.600028
327,sh.600029
328,sh.600030
329,sh.600031
330,sh.600032
331,sh.600033
332,sh.600035
333,sh.600036
334,sh.600037
335,sh.600038
336,sh.600039
337,sh.600048
338,sh.600050
339,sh.600051
340,sh.600052
341,sh.600053
342,sh.600054
343,sh.600055
344,sh.600056
345,sh.600057
346,sh.600058
347,sh.600059
348,sh.600060
349,sh.600061
350,sh.600062
351,sh.600063
352,sh.600064
353,sh.600066
354,sh.600067
355,sh.600070
356,sh.600071
357,sh.600072
358,sh.600073
359,sh.600075
360,sh.600076
361,sh.600077
362,sh.600078
363,sh.600079
364,sh.600080
365,sh.600081
366,sh.600082
367,sh.600083
368,sh.600084
369,sh.600085
370,sh.600088
371,sh.600089
372,sh.600090
373,sh.600091
374,sh.600093
375,sh.600094
376,sh.600095
377,sh.600096
378,sh.600097
379,sh.600098
380,sh.600099
381,sh.600100
382,sh.600101
383,sh.600103
384,sh.600104
385,sh.600105
386,sh.600106
387,sh.600107
388,sh.600108
389,sh.600109
390,sh.600110
391,sh.600111
392,sh.600112
393,sh.600113
394,sh.600114
395,sh.600115
396,sh.600116
397,sh.600117
398,sh.600118
399,sh.600119
400,sh.600120
401,sh.600121
402,sh.600122
403,sh.600123
404,sh.600125
405,sh.600126
406,sh.600127
407,sh.600128
408,sh.600129
409,sh.600130
410,sh.600131
411,sh.600132
412,sh.600133
413,sh.600135
414,sh.600136
415,sh.600137
416,sh.600138
417,sh.600139
418,sh.600141
419,sh.600143
420,sh.600145
421,sh.600146
422,sh.600148
423,sh.600149
424,sh.600150
425,sh.600151
426,sh.600152
427,sh.600153
428,sh.600155
429,sh.600156
430,sh.600157
431,sh.600158
432,sh.600159
433,sh.600160
434,sh.600161
435,sh.600162
436,sh.600163
437,sh.600165
438,sh.600166
439,sh.600167
440,sh.600168
441,sh.600169
442,sh.600170
443,sh.600171
444,sh.600172
445,sh.600173
446,sh.600176
447,sh.600177
448,sh.600178
449,sh.600179
450,sh.600180
451,sh.600182
452,sh.600183
453,sh.600184
454,sh.600185
455,sh.600186
456,sh.600187
457,sh.600188
458,sh.600189
459,sh.600190
460,sh.600191
461,sh.600192
462,sh.600193
463,sh.600195
464,sh.600196
465,sh.600197
466,sh.600198
467,sh.600199
468,sh.600200
469,sh.600201
470,sh.600202
471,sh.600203
472,sh.600206
473,sh.600207
474,sh.600208
475,sh.600209
476,sh.600210
477,sh.600211
478,sh.600212
479,sh.600213
480,sh.600215
481,sh.600216
482,sh.600217
483,sh.600218
484,sh.600219
485,sh.600220
486,sh.600221
487,sh.600222
488,sh.600223
489,sh.600225
490,sh.600226
491,sh.600227
492,sh.600228
493,sh.600229
494,sh.600230
495,sh.600231
496,sh.600232
497,sh.600233
498,sh.600234
499,sh.600235
500,sh.600236
501,sh.600237
502,sh.600238
503,sh.600239
504,sh.600241
505,sh.600242
506,sh.600243
507,sh.600246
508,sh.600248
509,sh.600249
510,sh.600250
511,sh.600251
512,sh.600252
513,sh.600255
514,sh.600256
515,sh.600257
516,sh.600258
517,sh.600259
518,sh.600260
519,sh.600261
520,sh.600262
521,sh.600265
522,sh.600266
523,sh.600267
524,sh.600268
525,sh.600269
526,sh.600271
527,sh.600272
528,sh.600273
529,sh.600275
530,sh.600276
531,sh.600277
532,sh.600278
533,sh.600279
534,sh.600280
535,sh.600281
536,sh.600282
537,sh.600283
538,sh.600284
539,sh.600285
540,sh.600287
541,sh.600288
542,sh.600289
543,sh.600290
544,sh.600291
545,sh.600292
546,sh.600293
547,sh.600295
548,sh.600297
549,sh.600298
550,sh.600299
551,sh.600300
552,sh.600301
553,sh.600302
554,sh.600303
555,sh.600305
556,sh.600306
557,sh.600307
558,sh.600308
559,sh.600309
560,sh.600310
561,sh.600311
562,sh.600312
563,sh.600313
564,sh.600315
565,sh.600316
566,sh.600318
567,sh.600319
568,sh.600320
569,sh.600321
570,sh.600322
571,sh.600323
572,sh.600325
573,sh.600326
574,sh.600327
575,sh.600328
576,sh.600329
577,sh.600330
578,sh.600331
579,sh.600332
580,sh.600333
581,sh.600335
582,sh.600336
583,sh.600337
584,sh.600338
585,sh.600339
586,sh.600340
587,sh.600343
588,sh.600345
589,sh.600346
590,sh.600348
591,sh.600350
592,sh.600351
593,sh.600352
594,sh.600353
595,sh.600354
596,sh.600355
597,sh.600356
598,sh.600358
599,sh.600359
600,sh.600360
601,sh.600361
602,sh.600362
603,sh.600363
604,sh.600365
605,sh.600366
606,sh.600367
607,sh.600368
608,sh.600369
609,sh.600370
610,sh.600371
611,sh.600372
612,sh.600373
613,sh.600375
614,sh.600376
615,sh.600377
616,sh.600378
617,sh.600379
618,sh.600380
619,sh.600381
620,sh.600382
621,sh.600383
622,sh.600385
623,sh.600386
624,sh.600387
625,sh.600388
626,sh.600389
627,sh.600390
628,sh.600391
629,sh.600392
630,sh.600393
631,sh.600395
632,sh.600396
633,sh.600397
634,sh.600398
635,sh.600399
636,sh.600400
637,sh.600403
638,sh.600405
639,sh.600406
640,sh.600408
641,sh.600409
642,sh.600410
643,sh.600415
644,sh.600416
645,sh.600418
646,sh.600419
647,sh.600420
648,sh.600421
649,sh.600422
650,sh.600423
651,sh.600425
652,sh.600426
653,sh.600428
654,sh.600429
655,sh.600433
656,sh.600435
657,sh.600436
658,sh.600438
659,sh.600439
660,sh.600444
661,sh.600446
662,sh.600448
663,sh.600449
664,sh.600452
665,sh.600455
666,sh.600456
667,sh.600458
668,sh.600459
669,sh.600460
670,sh.600461
671,sh.600462
672,sh.600463
673,sh.600466
674,sh.600467
675,sh.600468
676,sh.600469
677,sh.600470
678,sh.600475
679,sh.600476
680,sh.600477
681,sh.600478
682,sh.600479
683,sh.600480
684,sh.600481
685,sh.600482
686,sh.600483
687,sh.600486
688,sh.600487
689,sh.600488
690,sh.600489
691,sh.600490
692,sh.600491
693,sh.600493
694,sh.600495
695,sh.600496
696,sh.600497
697,sh.600498
698,sh.600499
699,sh.600500
700,sh.600501
701,sh.600502
702,sh.600503
703,sh.600505
704,sh.600506
705,sh.600507
706,sh.600508
707,sh.600509
708,sh.600510
709,sh.600511
710,sh.600512
711,sh.600513
712,sh.600515
713,sh.600516
714,sh.600517
715,sh.600518
716,sh.600519
717,sh.600520
718,sh.600521
719,sh.600522
720,sh.600523
721,sh.600525
722,sh.600526
723,sh.600527
724,sh.600528
725,sh.600529
726,sh.600530
727,sh.600531
728,sh.600532
729,sh.600533
730,sh.600535
731,sh.600536
732,sh.600537
733,sh.600538
734,sh.600539
735,sh.600540
736,sh.600543
737,sh.600545
738,sh.600546
739,sh.600547
740,sh.600548
741,sh.600549
742,sh.600550
743,sh.600551
744,sh.600552
745,sh.600555
746,sh.600556
747,sh.600557
748,sh.600558
749,sh.600559
750,sh.600560
751,sh.600561
752,sh.600562
753,sh.600563
754,sh.600565
755,sh.600566
756,sh.600567
757,sh.600568
758,sh.600569
759,sh.600570
760,sh.600571
761,sh.600572
762,sh.600573
763,sh.600575
764,sh.600576
765,sh.600577
766,sh.600578
767,sh.600579
768,sh.600580
769,sh.600581
770,sh.600582
771,sh.600583
772,sh.600584
773,sh.600585
774,sh.600586
775,sh.600587
776,sh.600588
777,sh.600589
778,sh.600590
779,sh.600592
780,sh.600593
781,sh.600594
782,sh.600595
783,sh.600596
784,sh.600597
785,sh.600598
786,sh.600599
787,sh.600600
788,sh.600601
789,sh.600602
790,sh.600603
791,sh.600604
792,sh.600605
793,sh.600606
794,sh.600608
795,sh.600609
796,sh.600610
797,sh.600611
798,sh.600612
799,sh.600613
800,sh.600615
801,sh.600616
802,sh.600617
803,sh.600618
804,sh.600619
805,sh.600620
806,sh.600621
807,sh.600622
808,sh.600623
809,sh.600624
810,sh.600626
811,sh.600628
812,sh.600629
813,sh.600630
814,sh.600633
815,sh.600635
816,sh.600636
817,sh.600637
818,sh.600638
819,sh.600639
820,sh.600640
821,sh.600641
822,sh.600642
823,sh.600643
824,sh.600644
825,sh.600645
826,sh.600647
827,sh.600648
828,sh.600649
829,sh.600650
830,sh.600651
831,sh.600652
832,sh.600653
833,sh.600654
834,sh.600655
835,sh.600657
836,sh.600658
837,sh.600660
838,sh.600661
839,sh.600662
840,sh.600663
841,sh.600664
842,sh.600665
843,sh.600666
844,sh.600667
845,sh.600668
846,sh.600671
847,sh.600673
848,sh.600674
849,sh.600675
850,sh.600676
851,sh.600678
852,sh.600679
853,sh.600681
854,sh.600682
855,sh.600683
856,sh.600684
857,sh.600685
858,sh.600686
859,sh.600688
860,sh.600689
861,sh.600690
862,sh.600691
863,sh.600692
864,sh.600693
865,sh.600694
866,sh.600695
867,sh.600696
868,sh.600697
869,sh.600698
870,sh.600699
871,sh.600702
872,sh.600703
873,sh.600704
874,sh.600705
875,sh.600706
876,sh.600707
877,sh.600708
878,sh.600710
879,sh.600711
880,sh.600712
881,sh.600713
882,sh.600714
883,sh.600715
884,sh.600716
885,sh.600717
886,sh.600718
887,sh.600719
888,sh.600720
889,sh.600721
890,sh.600722
891,sh.600724
892,sh.600725
893,sh.600726
894,sh.600727
895,sh.600728
896,sh.600729
897,sh.600730
898,sh.600731
899,sh.600732
900,sh.600733
901,sh.600734
902,sh.600735
903,sh.600736
904,sh.600737
905,sh.600738
906,sh.600739
907,sh.600740
908,sh.600741
909,sh.600742
910,sh.600743
911,sh.600744
912,sh.600745
913,sh.600746
914,sh.600748
915,sh.600749
916,sh.600750
917,sh.600751
918,sh.600753
919,sh.600754
920,sh.600755
921,sh.600756
922,sh.600757
923,sh.600758
924,sh.600759
925,sh.600760
926,sh.600761
927,sh.600763
928,sh.600764
929,sh.600765
930,sh.600766
931,sh.600767
932,sh.600768
933,sh.600769
934,sh.600770
935,sh.600771
936,sh.600773
937,sh.600774
938,sh.600775
939,sh.600776
940,sh.600777
941,sh.600778
942,sh.600779
943,sh.600780
944,sh.600781
945,sh.600782
946,sh.600783
947,sh.600784
948,sh.600785
949,sh.600787
950,sh.600789
951,sh.600790
952,sh.600791
953,sh.600792
954,sh.600793
955,sh.600794
956,sh.600795
957,sh.600796
958,sh.600797
959,sh.600798
960,sh.600800
961,sh.600801
962,sh.600802
963,sh.600803
964,sh.600804
965,sh.600805
966,sh.600807
967,sh.600808
968,sh.600809
969,sh.600810
970,sh.600811
971,sh.600812
972,sh.600814
973,sh.600815
974,sh.600816
975,sh.600817
976,sh.600818
977,sh.600819
978,sh.600820
979,sh.600821
980,sh.600822
981,sh.600823
982,sh.600824
983,sh.600825
984,sh.600826
985,sh.600827
986,sh.600828
987,sh.600829
988,sh.600830
989,sh.600831
990,sh.600833
991,sh.600834
992,sh.600835
993,sh.600836
994,sh.600837
995,sh.600838
996,sh.600839
997,sh.600841
998,sh.600843
999,sh.600844
1000,sh.600845
1001,sh.600846
1002,sh.600847
1003,sh.600848
1004,sh.600850
1005,sh.600851
1006,sh.600853
1007,sh.600854
1008,sh.600855
1009,sh.600856
1010,sh.600857
1011,sh.600858
1012,sh.600859
1013,sh.600860
1014,sh.600861
1015,sh.600862
1016,sh.600863
1017,sh.600864
1018,sh.600865
1019,sh.600866
1020,sh.600867
1021,sh.600868
1022,sh.600869
1023,sh.600870
1024,sh.600871
1025,sh.600872
1026,sh.600873
1027,sh.600874
1028,sh.600875
1029,sh.600876
1030,sh.600877
1031,sh.600879
1032,sh.600880
1033,sh.600881
1034,sh.600882
1035,sh.600883
1036,sh.600884
1037,sh.600885
1038,sh.600886
1039,sh.600887
1040,sh.600888
1041,sh.600889
1042,sh.600890
1043,sh.600892
1044,sh.600893
1045,sh.600894
1046,sh.600895
1047,sh.600896
1048,sh.600897
1049,sh.600898
1050,sh.600900
1051,sh.600901
1052,sh.600903
1053,sh.600905
1054,sh.600906
1055,sh.600908
1056,sh.600909
1057,sh.600916
1058,sh.600917
1059,sh.600918
1060,sh.600919
1061,sh.600926
1062,sh.600927
1063,sh.600928
1064,sh.600929
1065,sh.600933
1066,sh.600935
1067,sh.600936
1068,sh.600939
1069,sh.600941
1070,sh.600955
1071,sh.600956
1072,sh.600958
1073,sh.600959
1074,sh.600960
1075,sh.600961
1076,sh.600962
1077,sh.600963
1078,sh.600965
1079,sh.600966
1080,sh.600967
1081,sh.600968
1082,sh.600969
1083,sh.600970
1084,sh.600971
1085,sh.600973
1086,sh.600975
1087,sh.600976
1088,sh.600977
1089,sh.600979
1090,sh.600980
1091,sh.600981
1092,sh.600982
1093,sh.600983
1094,sh.600984
1095,sh.600985
1096,sh.600986
1097,sh.600987
1098,sh.600988
1099,sh.600989
1100,sh.600990
1101,sh.600992
1102,sh.600993
1103,sh.600995
1104,sh.600996
1105,sh.600997
1106,sh.600998
1107,sh.600999
1108,sh.601000
1109,sh.601001
1110,sh.601002
1111,sh.601003
1112,sh.601005
1113,sh.601006
1114,sh.601007
1115,sh.601008
1116,sh.601009
1117,sh.601010
1118,sh.601011
1119,sh.601012
1120,sh.601015
1121,sh.601016
1122,sh.601018
1123,sh.601019
1124,sh.601020
1125,sh.601021
1126,sh.601028
1127,sh.601038
1128,sh.601058
1129,sh.601066
1130,sh.601068
1131,sh.601069
1132,sh.601077
1133,sh.601086
1134,sh.601088
1135,sh.601098
1136,sh.601099
1137,sh.601100
1138,sh.601101
1139,sh.601106
1140,sh.601107
1141,sh.601108
1142,sh.601111
1143,sh.601113
1144,sh.601116
1145,sh.601117
1146,sh.601118
1147,sh.601126
1148,sh.601127
1149,sh.601128
1150,sh.601137
1151,sh.601138
1152,sh.601139
1153,sh.601155
1154,sh.601156
1155,sh.601158
1156,sh.601162
1157,sh.601163
1158,sh.601166
1159,sh.601168
1160,sh.601169
1161,sh.601177
1162,sh.601179
1163,sh.601186
1164,sh.601187
1165,sh.601188
1166,sh.601198
1167,sh.601199
1168,sh.601200
1169,sh.601208
1170,sh.601211
1171,sh.601212
1172,sh.601216
1173,sh.601218
1174,sh.601222
1175,sh.601225
1176,sh.601226
1177,sh.601228
1178,sh.601229
1179,sh.601231
1180,sh.601233
1181,sh.601236
1182,sh.601238
1183,sh.601258
1184,sh.601279
1185,sh.601288
1186,sh.601298
1187,sh.601311
1188,sh.601318
1189,sh.601319
1190,sh.601326
1191,sh.601328
1192,sh.601330
1193,sh.601333
1194,sh.601336
1195,sh.601339
1196,sh.601360
1197,sh.601366
1198,sh.601368
1199,sh.601369
1200,sh.601375
1201,sh.601377
1202,sh.601388
1203,sh.601390
1204,sh.601398
1205,sh.601399
1206,sh.601456
1207,sh.601500
1208,sh.601512
1209,sh.601515
1210,sh.601518
1211,sh.601519
1212,sh.601528
1213,sh.601555
1214,sh.601566
1215,sh.601567
1216,sh.601568
1217,sh.601577
1218,sh.601579
1219,sh.601588
1220,sh.601595
1221,sh.601598
1222,sh.601599
1223,sh.601600
1224,sh.601601
1225,sh.601606
1226,sh.601607
1227,sh.601608
1228,sh.601609
1229,sh.601611
1230,sh.601615
1231,sh.601616
1232,sh.601618
1233,sh.601619
1234,sh.601628
1235,sh.601633
1236,sh.601636
1237,sh.601658
1238,sh.601665
1239,sh.601666
1240,sh.601668
1241,sh.601669
1242,sh.601677
1243,sh.601678
1244,sh.601686
1245,sh.601688
1246,sh.601689
1247,sh.601696
1248,sh.601698
1249,sh.601699
1250,sh.601700
1251,sh.601702
1252,sh.601717
1253,sh.601718
1254,sh.601727
1255,sh.601728
1256,sh.601766
1257,sh.601777
1258,sh.601778
1259,sh.601788
1260,sh.601789
1261,sh.601798
1262,sh.601799
1263,sh.601800
1264,sh.601801
1265,sh.601808
1266,sh.601811
1267,sh.601816
1268,sh.601818
1269,sh.601825
1270,sh.601827
1271,sh.601828
1272,sh.601838
1273,sh.601857
1274,sh.601858
1275,sh.601860
1276,sh.601865
1277,sh.601866
1278,sh.601868
1279,sh.601869
1280,sh.601872
1281,sh.601877
1282,sh.601878
1283,sh.601880
1284,sh.601881
1285,sh.601882
1286,sh.601886
1287,sh.601888
1288,sh.601890
1289,sh.601898
1290,sh.601899
1291,sh.601900
1292,sh.601901
1293,sh.601908
1294,sh.601916
1295,sh.601918
1296,sh.601919
1297,sh.601921
1298,sh.601928
1299,sh.601929
1300,sh.601933
1301,sh.601939
1302,sh.601949
1303,sh.601952
1304,sh.601956
1305,sh.601958
1306,sh.601963
1307,sh.601965
1308,sh.601966
1309,sh.601968
1310,sh.601969
1311,sh.601975
1312,sh.601985
1313,sh.601988
1314,sh.601989
1315,sh.601990
1316,sh.601991
1317,sh.601992
1318,sh.601995
1319,sh.601996
1320,sh.601997
1321,sh.601998
1322,sh.601999
1323,sh.603000
1324,sh.603001
1325,sh.603002
1326,sh.603003
1327,sh.603005
1328,sh.603006
1329,sh.603007
1330,sh.603008
1331,sh.603009
1332,sh.603010
1333,sh.603011
1334,sh.603012
1335,sh.603013
1336,sh.603015
1337,sh.603016
1338,sh.603017
1339,sh.603018
1340,sh.603019
1341,sh.603020
1342,sh.603021
1343,sh.603022
1344,sh.603023
1345,sh.603025
1346,sh.603026
1347,sh.603027
1348,sh.603028
1349,sh.603029
1350,sh.603030
1351,sh.603031
1352,sh.603032
1353,sh.603033
1354,sh.603035
1355,sh.603036
1356,sh.603037
1357,sh.603038
1358,sh.603039
1359,sh.603040
1360,sh.603041
1361,sh.603042
1362,sh.603043
1363,sh.603045
1364,sh.603048
1365,sh.603050
1366,sh.603053
1367,sh.603055
1368,sh.603056
1369,sh.603058
1370,sh.603059
1371,sh.603060
1372,sh.603063
1373,sh.603066
1374,sh.603067
1375,sh.603068
1376,sh.603069
1377,sh.603071
1378,sh.603076
1379,sh.603077
1380,sh.603078
1381,sh.603079
1382,sh.603080
1383,sh.603081
1384,sh.603083
1385,sh.603085
1386,sh.603086
1387,sh.603087
1388,sh.603088
1389,sh.603089
1390,sh.603090
1391,sh.603093
1392,sh.603095
1393,sh.603096
1394,sh.603098
1395,sh.603099
1396,sh.603100
1397,sh.603101
1398,sh.603102
1399,sh.603103
1400,sh.603105
1401,sh.603106
1402,sh.603108
1403,sh.603109
1404,sh.603110
1405,sh.603111
1406,sh.603112
1407,sh.603113
1408,sh.603115
1409,sh.603116
1410,sh.603117
1411,sh.603118
1412,sh.603121
1413,sh.603122
1414,sh.603123
1415,sh.603126
1416,sh.603127
1417,sh.603128
1418,sh.603129
1419,sh.603131
1420,sh.603132
1421,sh.603133
1422,sh.603136
1423,sh.603138
1424,sh.603139
1425,sh.603150
1426,sh.603155
1427,sh.603156
1428,sh.603157
1429,sh.603158
1430,sh.603159
1431,sh.603160
1432,sh.603161
1433,sh.603165
1434,sh.603166
1435,sh.603167
1436,sh.603168
1437,sh.603169
1438,sh.603171
1439,sh.603176
1440,sh.603177
1441,sh.603178
1442,sh.603179
1443,sh.603180
1444,sh.603181
1445,sh.603183
1446,sh.603185
1447,sh.603186
1448,sh.603187
1449,sh.603188
1450,sh.603189
1451,sh.603192
1452,sh.603195
1453,sh.603196
1454,sh.603197
1455,sh.603198
1456,sh.603199
1457,sh.603200
1458,sh.603203
1459,sh.603208
1460,sh.603212
1461,sh.603213
1462,sh.603214
1463,sh.603215
1464,sh.603216
1465,sh.603217
1466,sh.603218
1467,sh.603219
1468,sh.603220
1469,sh.603221
1470,sh.603222
1471,sh.603223
1472,sh.603225
1473,sh.603226
1474,sh.603227
1475,sh.603228
1476,sh.603229
1477,sh.603230
1478,sh.603232
1479,sh.603233
1480,sh.603236
1481,sh.603238
1482,sh.603239
1483,sh.603256
1484,sh.603258
1485,sh.603259
1486,sh.603260
1487,sh.603266
1488,sh.603267
1489,sh.603268
1490,sh.603269
1491,sh.603277
1492,sh.603278
1493,sh.603279
1494,sh.603283
1495,sh.603286
1496,sh.603288
1497,sh.603289
1498,sh.603290
1499,sh.603297
1500,sh.603298
1501,sh.603299
1502,sh.603300
1503,sh.603301
1504,sh.603303
1505,sh.603305
1506,sh.603306
1507,sh.603308
1508,sh.603309
1509,sh.603311
1510,sh.603313
1511,sh.603315
1512,sh.603316
1513,sh.603317
1514,sh.603318
1515,sh.603319
1516,sh.603320
1517,sh.603321
1518,sh.603322
1519,sh.603323
1520,sh.603324
1521,sh.603326
1522,sh.603327
1523,sh.603328
1524,sh.603329
1525,sh.603330
1526,sh.603331
1527,sh.603332
1528,sh.603333
1529,sh.603335
1530,sh.603336
1531,sh.603337
1532,sh.603338
1533,sh.603339
1534,sh.603345
1535,sh.603348
1536,sh.603351
1537,sh.603353
1538,sh.603355
1539,sh.603356
1540,sh.603357
1541,sh.603358
1542,sh.603359
1543,sh.603360
1544,sh.603363
1545,sh.603365
1546,sh.603366
1547,sh.603367
1548,sh.603368
1549,sh.603369
1550,sh.603377
1551,sh.603378
1552,sh.603379
1553,sh.603380
1554,sh.603383
1555,sh.603385
1556,sh.603386
1557,sh.603387
1558,sh.603388
1559,sh.603389
1560,sh.603390
1561,sh.603392
1562,sh.603393
1563,sh.603396
1564,sh.603398
1565,sh.603399
1566,sh.603408
1567,sh.603416
1568,sh.603421
1569,sh.603429
1570,sh.603439
1571,sh.603444
1572,sh.603456
1573,sh.603458
1574,sh.603466
1575,sh.603477
1576,sh.603486
1577,sh.603488
1578,sh.603489
1579,sh.603496
1580,sh.603499
1581,sh.603500
1582,sh.603501
1583,sh.603505
1584,sh.603506
1585,sh.603507
1586,sh.603508
1587,sh.603511
1588,sh.603515
1589,sh.603516
1590,sh.603517
1591,sh.603518
1592,sh.603519
1593,sh.603520
1594,sh.603527
1595,sh.603528
1596,sh.603529
1597,sh.603530
1598,sh.603533
1599,sh.603535
1600,sh.603536
1601,sh.603538
1602,sh.603551
1603,sh.603555
1604,sh.603556
1605,sh.603557
1606,sh.603558
1607,sh.603559
1608,sh.603565
1609,sh.603566
1610,sh.603567
1611,sh.603568
1612,sh.603569
1613,sh.603577
1614,sh.603578
1615,sh.603579
1616,sh.603580
1617,sh.603583
1618,sh.603585
1619,sh.603586
1620,sh.603587
1621,sh.603588
1622,sh.603589
1623,sh.603590
1624,sh.603595
1625,sh.603596
1626,sh.603598
1627,sh.603599
1628,sh.603600
1629,sh.603601
1630,sh.603602
1631,sh.603603
1632,sh.603605
1633,sh.603606
1634,sh.603607
1635,sh.603608
1636,sh.603609
1637,sh.603610
1638,sh.603611
1639,sh.603612
1640,sh.603613
1641,sh.603615
1642,sh.603616
1643,sh.603617
1644,sh.603618
1645,sh.603619
1646,sh.603626
1647,sh.603628
1648,sh.603629
1649,sh.603630
1650,sh.603633
1651,sh.603636
1652,sh.603637
1653,sh.603638
1654,sh.603639
1655,sh.603648
1656,sh.603650
1657,sh.603655
1658,sh.603656
1659,sh.603657
1660,sh.603658
1661,sh.603659
1662,sh.603660
1663,sh.603661
1664,sh.603662
1665,sh.603663
1666,sh.603665
1667,sh.603666
1668,sh.603667
1669,sh.603668
1670,sh.603669
1671,sh.603676
1672,sh.603677
1673,sh.603678
1674,sh.603679
1675,sh.603680
1676,sh.603681
1677,sh.603682
1678,sh.603683
1679,sh.603685
1680,sh.603686
1681,sh.603687
1682,sh.603688
1683,sh.603689
1684,sh.603690
1685,sh.603693
1686,sh.603696
1687,sh.603697
1688,sh.603698
1689,sh.603699
1690,sh.603700
1691,sh.603701
1692,sh.603703
1693,sh.603706
1694,sh.603707
1695,sh.603708
1696,sh.603709
1697,sh.603711
1698,sh.603712
1699,sh.603713
1700,sh.603716
1701,sh.603717
1702,sh.603718
1703,sh.603719
1704,sh.603721
1705,sh.603722
1706,sh.603725
1707,sh.603726
1708,sh.603727
1709,sh.603728
1710,sh.603729
1711,sh.603730
1712,sh.603733
1713,sh.603737
1714,sh.603738
1715,sh.603739
1716,sh.603755
1717,sh.603757
1718,sh.603758
1719,sh.603759
1720,sh.603766
1721,sh.603767
1722,sh.603768
1723,sh.603773
1724,sh.603776
1725,sh.603777
1726,sh.603778
1727,sh.603779
1728,sh.603786
1729,sh.603787
1730,sh.603788
1731,sh.603789
1732,sh.603790
1733,sh.603797
1734,sh.603798
1735,sh.603799
1736,sh.603800
1737,sh.603801
1738,sh.603803
1739,sh.603806
1740,sh.603808
1741,sh.603809
1742,sh.603810
1743,sh.603811
1744,sh.603813
1745,sh.603815
1746,sh.603816
1747,sh.603817
1748,sh.603818
1749,sh.603819
1750,sh.603822
1751,sh.603823
1752,sh.603825
1753,sh.603826
1754,sh.603828
1755,sh.603829
1756,sh.603833
1757,sh.603836
1758,sh.603838
1759,sh.603839
1760,sh.603843
1761,sh.603848
1762,sh.603855
1763,sh.603856
1764,sh.603858
1765,sh.603859
1766,sh.603860
1767,sh.603861
1768,sh.603863
1769,sh.603866
1770,sh.603867
1771,sh.603868
1772,sh.603869
1773,sh.603871
1774,sh.603876
1775,sh.603877
1776,sh.603878
1777,sh.603879
1778,sh.603880
1779,sh.603881
1780,sh.603882
1781,sh.603883
1782,sh.603885
1783,sh.603886
1784,sh.603887
1785,sh.603888
1786,sh.603889
1787,sh.603890
1788,sh.603893
1789,sh.603895
1790,sh.603896
1791,sh.603897
1792,sh.603898
1793,sh.603899
1794,sh.603900
1795,sh.603901
1796,sh.603903
1797,sh.603906
1798,sh.603908
1799,sh.603909
1800,sh.603912
1801,sh.603915
1802,sh.603916
1803,sh.603917
1804,sh.603918
1805,sh.603919
1806,sh.603920
1807,sh.603922
1808,sh.603926
1809,sh.603927
1810,sh.603928
1811,sh.603929
1812,sh.603931
1813,sh.603933
1814,sh.603936
1815,sh.603937
1816,sh.603938
1817,sh.603939
1818,sh.603948
1819,sh.603949
1820,sh.603950
1821,sh.603955
1822,sh.603956
1823,sh.603958
1824,sh.603959
1825,sh.603960
1826,sh.603963
1827,sh.603966
1828,sh.603967
1829,sh.603968
1830,sh.603969
1831,sh.603970
1832,sh.603976
1833,sh.603977
1834,sh.603978
1835,sh.603979
1836,sh.603980
1837,sh.603982
1838,sh.603983
1839,sh.603985
1840,sh.603986
1841,sh.603987
1842,sh.603988
1843,sh.603989
1844,sh.603990
1845,sh.603991
1846,sh.603992
1847,sh.603993
1848,sh.603995
1849,sh.603996
1850,sh.603997
1851,sh.603998
1852,sh.603999
1853,sh.605001
1854,sh.605003
1855,sh.605005
1856,sh.605006
1857,sh.605007
1858,sh.605008
1859,sh.605009
1860,sh.605011
1861,sh.605016
1862,sh.605018
1863,sh.605020
1864,sh.605028
1865,sh.605033
1866,sh.605050
1867,sh.605055
1868,sh.605056
1869,sh.605058
1870,sh.605060
1871,sh.605066
1872,sh.605068
1873,sh.605069
1874,sh.605077
1875,sh.605080
1876,sh.605081
1877,sh.605086
1878,sh.605088
1879,sh.605089
1880,sh.605090
1881,sh.605098
1882,sh.605099
1883,sh.605100
1884,sh.605108
1885,sh.605111
1886,sh.605116
1887,sh.605117
1888,sh.605118
1889,sh.605122
1890,sh.605123
1891,sh.605128
1892,sh.605133
1893,sh.605136
1894,sh.605138
1895,sh.605151
1896,sh.605155
1897,sh.605158
1898,sh.605162
1899,sh.605166
1900,sh.605167
1901,sh.605168
1902,sh.605169
1903,sh.605177
1904,sh.605178
1905,sh.605179
1906,sh.605180
1907,sh.605183
1908,sh.605186
1909,sh.605188
1910,sh.605189
1911,sh.605196
1912,sh.605198
1913,sh.605199
1914,sh.605208
1915,sh.605218
1916,sh.605222
1917,sh.605228
1918,sh.605255
1919,sh.605258
1920,sh.605259
1921,sh.605266
1922,sh.605268
1923,sh.605277
1924,sh.605286
1925,sh.605287
1926,sh.605288
1927,sh.605289
1928,sh.605296
1929,sh.605298
1930,sh.605299
1931,sh.605300
1932,sh.605303
1933,sh.605305
1934,sh.605318
1935,sh.605319
1936,sh.605333
1937,sh.605336
1938,sh.605337
1939,sh.605338
1940,sh.605339
1941,sh.605358
1942,sh.605365
1943,sh.605366
1944,sh.605368
1945,sh.605369
1946,sh.605376
1947,sh.605377
1948,sh.605378
1949,sh.605388
1950,sh.605389
1951,sh.605398
1952,sh.605399
1953,sh.605488
1954,sh.605499
1955,sh.605500
1956,sh.605507
1957,sh.605555
1958,sh.605566
1959,sh.605567
1960,sh.605577
1961,sh.605580
1962,sh.605588
1963,sh.605589
1964,sh.605598
1965,sh.605599
1966,sh.688001
1967,sh.688002
1968,sh.688003
1969,sh.688004
1970,sh.688005
1971,sh.688006
1972,sh.688007
1973,sh.688008
1974,sh.688009
1975,sh.688010
1976,sh.688011
1977,sh.688012
1978,sh.688013
1979,sh.688015
1980,sh.688016
1981,sh.688017
1982,sh.688018
1983,sh.688019
1984,sh.688020
1985,sh.688021
1986,sh.688022
1987,sh.688023
1988,sh.688025
1989,sh.688026
1990,sh.688027
1991,sh.688028
1992,sh.688029
1993,sh.688030
1994,sh.688032
1995,sh.688033
1996,sh.688036
1997,sh.688037
1998,sh.688038
1999,sh.688039
2000,sh.688049
2001,sh.688050
2002,sh.688051
2003,sh.688055
2004,sh.688056
2005,sh.688057
2006,sh.688058
2007,sh.688059
2008,sh.688060
2009,sh.688062
2010,sh.688063
2011,sh.688065
2012,sh.688066
2013,sh.688067
2014,sh.688068
2015,sh.688069
2016,sh.688070
2017,sh.688071
2018,sh.688075
2019,sh.688076
2020,sh.688077
2021,sh.688078
2022,sh.688079
2023,sh.688080
2024,sh.688081
2025,sh.688082
2026,sh.688083
2027,sh.688085
2028,sh.688086
2029,sh.688087
2030,sh.688088
2031,sh.688089
2032,sh.688090
2033,sh.688091
2034,sh.688092
2035,sh.688093
2036,sh.688095
2037,sh.688096
2038,sh.688097
2039,sh.688098
2040,sh.688099
2041,sh.688100
2042,sh.688101
2043,sh.688103
2044,sh.688105
2045,sh.688106
2046,sh.688107
2047,sh.688108
2048,sh.688109
2049,sh.688110
2050,sh.688111
2051,sh.688112
2052,sh.688113
2053,sh.688116
2054,sh.688117
2055,sh.688118
2056,sh.688121
2057,sh.688122
2058,sh.688123
2059,sh.688126
2060,sh.688127
2061,sh.688128
2062,sh.688129
2063,sh.688131
2064,sh.688133
2065,sh.688135
2066,sh.688136
2067,sh.688138
2068,sh.688139
2069,sh.688148
2070,sh.688151
2071,sh.688155
2072,sh.688156
2073,sh.688157
2074,sh.688158
2075,sh.688159
2076,sh.688160
2077,sh.688161
2078,sh.688162
2079,sh.688165
2080,sh.688166
2081,sh.688167
2082,sh.688168
2083,sh.688169
2084,sh.688171
2085,sh.688173
2086,sh.688176
2087,sh.688177
2088,sh.688178
2089,sh.688179
2090,sh.688180
2091,sh.688181
2092,sh.688182
2093,sh.688183
2094,sh.688185
2095,sh.688186
2096,sh.688187
2097,sh.688188
2098,sh.688189
2099,sh.688190
2100,sh.688191
2101,sh.688192
2102,sh.688195
2103,sh.688196
2104,sh.688198
2105,sh.688199
2106,sh.688200
2107,sh.688201
2108,sh.688202
2109,sh.688206
2110,sh.688208
2111,sh.688210
2112,sh.688211
2113,sh.688212
2114,sh.688215
2115,sh.688216
2116,sh.688217
2117,sh.688218
2118,sh.688219
2119,sh.688220
2120,sh.688221
2121,sh.688222
2122,sh.688223
2123,sh.688225
2124,sh.688226
2125,sh.688227
2126,sh.688228
2127,sh.688229
2128,sh.688230
2129,sh.688232
2130,sh.688233
2131,sh.688234
2132,sh.688235
2133,sh.688236
2134,sh.688239
2135,sh.688246
2136,sh.688248
2137,sh.688255
2138,sh.688256
2139,sh.688257
2140,sh.688258
2141,sh.688259
2142,sh.688260
2143,sh.688261
2144,sh.688262
2145,sh.688265
2146,sh.688266
2147,sh.688267
2148,sh.688268
2149,sh.688269
2150,sh.688270
2151,sh.688272
2152,sh.688276
2153,sh.688277
2154,sh.688278
2155,sh.688280
2156,sh.688283
2157,sh.688285
2158,sh.688286
2159,sh.688288
2160,sh.688289
2161,sh.688296
2162,sh.688298
2163,sh.688299
2164,sh.688300
2165,sh.688301
2166,sh.688303
2167,sh.688305
2168,sh.688308
2169,sh.688309
2170,sh.688310
2171,sh.688311
2172,sh.688312
2173,sh.688313
2174,sh.688314
2175,sh.688315
2176,sh.688316
2177,sh.688317
2178,sh.688318
2179,sh.688319
2180,sh.688321
2181,sh.688323
2182,sh.688328
2183,sh.688329
2184,sh.688330
2185,sh.688333
2186,sh.688335
2187,sh.688336
2188,sh.688338
2189,sh.688339
2190,sh.688345
2191,sh.688350
2192,sh.688355
2193,sh.688356
2194,sh.688357
2195,sh.688358
2196,sh.688359
2197,sh.688360
2198,sh.688363
2199,sh.688365
2200,sh.688366
2201,sh.688367
2202,sh.688368
2203,sh.688369
2204,sh.688377
2205,sh.688378
2206,sh.688379
2207,sh.688383
2208,sh.688385
2209,sh.688386
2210,sh.688388
2211,sh.688389
2212,sh.688390
2213,sh.688393
2214,sh.688395
2215,sh.688396
2216,sh.688398
2217,sh.688399
2218,sh.688408
2219,sh.688418
2220,sh.688425
2221,sh.688456
2222,sh.688466
2223,sh.688468
2224,sh.688488
2225,sh.688499
2226,sh.688500
2227,sh.688501
2228,sh.688505
2229,sh.688508
2230,sh.688509
2231,sh.688510
2232,sh.688511
2233,sh.688513
2234,sh.688516
2235,sh.688517
2236,sh.688518
2237,sh.688519
2238,sh.688520
2239,sh.688521
2240,sh.688526
2241,sh.688528
2242,sh.688529
2243,sh.688533
2244,sh.688536
2245,sh.688538
2246,sh.688550
2247,sh.688551
2248,sh.688553
2249,sh.688555
2250,sh.688556
2251,sh.688557
2252,sh.688558
2253,sh.688559
2254,sh.688560
2255,sh.688561
2256,sh.688565
2257,sh.688566
2258,sh.688567
2259,sh.688568
2260,sh.688569
2261,sh.688571
2262,sh.688575
2263,sh.688577
2264,sh.688578
2265,sh.688579
2266,sh.688580
2267,sh.688585
2268,sh.688586
2269,sh.688588
2270,sh.688589
2271,sh.688590
2272,sh.688595
2273,sh.688596
2274,sh.688597
2275,sh.688598
2276,sh.688599
2277,sh.688600
2278,sh.688601
2279,sh.688606
2280,sh.688607
2281,sh.688608
2282,sh.688609
2283,sh.688611
2284,sh.688613
2285,sh.688616
2286,sh.688617
2287,sh.688618
2288,sh.688619
2289,sh.688621
2290,sh.688622
2291,sh.688625
2292,sh.688626
2293,sh.688628
2294,sh.688630
2295,sh.688633
2296,sh.688636
2297,sh.688639
2298,sh.688655
2299,sh.688656
2300,sh.688658
2301,sh.688659
2302,sh.688660
2303,sh.688661
2304,sh.688662
2305,sh.688663
2306,sh.688665
2307,sh.688667
2308,sh.688668
2309,sh.688669
2310,sh.688670
2311,sh.688676
2312,sh.688677
2313,sh.688678
2314,sh.688679
2315,sh.688680
2316,sh.688681
2317,sh.688682
2318,sh.688683
2319,sh.688685
2320,sh.688686
2321,sh.688687
2322,sh.688689
2323,sh.688690
2324,sh.688696
2325,sh.688697
2326,sh.688698
2327,sh.688699
2328,sh.688700
2329,sh.688701
2330,sh.688707
2331,sh.688711
2332,sh.688718
2333,sh.688722
2334,sh.688728
2335,sh.688733
2336,sh.688737
2337,sh.688739
2338,sh.688766
2339,sh.688767
2340,sh.688768
2341,sh.688772
2342,sh.688776
2343,sh.688777
2344,sh.688778
2345,sh.688779
2346,sh.688786
2347,sh.688787
2348,sh.688788
2349,sh.688789
2350,sh.688793
2351,sh.688798
2352,sh.688799
2353,sh.688800
2354,sh.688819
2355,sh.688981
2356,sh.689009
2357,sz.000001
2358,sz.000002
2359,sz.000004
2360,sz.000005
2361,sz.000006
2362,sz.000007
2363,sz.000008
2364,sz.000009
2365,sz.000010
2366,sz.000011
2367,sz.000012
2368,sz.000014
2369,sz.000016
2370,sz.000017
2371,sz.000019
2372,sz.000020
2373,sz.000021
2374,sz.000023
2375,sz.000025
2376,sz.000026
2377,sz.000027
2378,sz.000028
2379,sz.000029
2380,sz.000030
2381,sz.000031
2382,sz.000032
2383,sz.000034
2384,sz.000035
2385,sz.000036
2386,sz.000037
2387,sz.000038
2388,sz.000039
2389,sz.000040
2390,sz.000042
2391,sz.000045
2392,sz.000046
2393,sz.000048
2394,sz.000049
2395,sz.000050
2396,sz.000055
2397,sz.000056
2398,sz.000058
2399,sz.000059
2400,sz.000060
2401,sz.000061
2402,sz.000062
2403,sz.000063
2404,sz.000065
2405,sz.000066
2406,sz.000068
2407,sz.000069
2408,sz.000070
2409,sz.000078
2410,sz.000088
2411,sz.000089
2412,sz.000090
2413,sz.000096
2414,sz.000099
2415,sz.000100
2416,sz.000150
2417,sz.000151
2418,sz.000153
2419,sz.000155
2420,sz.000156
2421,sz.000157
2422,sz.000158
2423,sz.000159
2424,sz.000166
2425,sz.000301
2426,sz.000333
2427,sz.000338
2428,sz.000400
2429,sz.000401
2430,sz.000402
2431,sz.000403
2432,sz.000404
2433,sz.000407
2434,sz.000408
2435,sz.000409
2436,sz.000410
2437,sz.000411
2438,sz.000413
2439,sz.000415
2440,sz.000416
2441,sz.000417
2442,sz.000419
2443,sz.000420
2444,sz.000421
2445,sz.000422
2446,sz.000423
2447,sz.000425
2448,sz.000426
2449,sz.000428
2450,sz.000429
2451,sz.000430
2452,sz.000488
2453,sz.000498
2454,sz.000501
2455,sz.000502
2456,sz.000503
2457,sz.000504
2458,sz.000505
2459,sz.000506
2460,sz.000507
2461,sz.000509
2462,sz.000510
2463,sz.000513
2464,sz.000514
2465,sz.000516
2466,sz.000517
2467,sz.000518
2468,sz.000519
2469,sz.000520
2470,sz.000521
2471,sz.000523
2472,sz.000524
2473,sz.000525
2474,sz.000526
2475,sz.000528
2476,sz.000529
2477,sz.000530
2478,sz.000531
2479,sz.000532
2480,sz.000533
2481,sz.000534
2482,sz.000536
2483,sz.000537
2484,sz.000538
2485,sz.000539
2486,sz.000540
2487,sz.000541
2488,sz.000543
2489,sz.000544
2490,sz.000545
2491,sz.000546
2492,sz.000547
2493,sz.000548
2494,sz.000550
2495,sz.000551
2496,sz.000552
2497,sz.000553
2498,sz.000554
2499,sz.000555
2500,sz.000557
2501,sz.000558
2502,sz.000559
2503,sz.000560
2504,sz.000561
2505,sz.000563
2506,sz.000564
2507,sz.000565
2508,sz.000566
2509,sz.000567
2510,sz.000568
2511,sz.000570
2512,sz.000571
2513,sz.000572
2514,sz.000573
2515,sz.000576
2516,sz.000581
2517,sz.000582
2518,sz.000584
2519,sz.000585
2520,sz.000586
2521,sz.000587
2522,sz.000589
2523,sz.000590
2524,sz.000591
2525,sz.000592
2526,sz.000593
2527,sz.000595
2528,sz.000596
2529,sz.000597
2530,sz.000598
2531,sz.000599
2532,sz.000600
2533,sz.000601
2534,sz.000603
2535,sz.000605
2536,sz.000606
2537,sz.000607
2538,sz.000608
2539,sz.000609
2540,sz.000610
2541,sz.000611
2542,sz.000612
2543,sz.000613
2544,sz.000615
2545,sz.000616
2546,sz.000617
2547,sz.000619
2548,sz.000620
2549,sz.000622
2550,sz.000623
2551,sz.000625
2552,sz.000626
2553,sz.000627
2554,sz.000628
2555,sz.000629
2556,sz.000630
2557,sz.000631
2558,sz.000632
2559,sz.000633
2560,sz.000635
2561,sz.000636
2562,sz.000637
2563,sz.000638
2564,sz.000639
2565,sz.000650
2566,sz.000651
2567,sz.000652
2568,sz.000655
2569,sz.000656
2570,sz.000657
2571,sz.000659
2572,sz.000661
2573,sz.000663
2574,sz.000665
2575,sz.000666
2576,sz.000667
2577,sz.000668
2578,sz.000669
2579,sz.000670
2580,sz.000671
2581,sz.000672
2582,sz.000673
2583,sz.000676
2584,sz.000677
2585,sz.000678
2586,sz.000679
2587,sz.000680
2588,sz.000681
2589,sz.000682
2590,sz.000683
2591,sz.000685
2592,sz.000686
2593,sz.000687
2594,sz.000688
2595,sz.000690
2596,sz.000691
2597,sz.000692
2598,sz.000695
2599,sz.000697
2600,sz.000698
2601,sz.000700
2602,sz.000701
2603,sz.000702
2604,sz.000703
2605,sz.000705
2606,sz.000707
2607,sz.000708
2608,sz.000709
2609,sz.000710
2610,sz.000711
2611,sz.000712
2612,sz.000713
2613,sz.000715
2614,sz.000716
2615,sz.000717
2616,sz.000718
2617,sz.000719
2618,sz.000720
2619,sz.000721
2620,sz.000722
2621,sz.000723
2622,sz.000725
2623,sz.000726
2624,sz.000727
2625,sz.000728
2626,sz.000729
2627,sz.000731
2628,sz.000732
2629,sz.000733
2630,sz.000735
2631,sz.000736
2632,sz.000737
2633,sz.000738
2634,sz.000739
2635,sz.000750
2636,sz.000751
2637,sz.000752
2638,sz.000753
2639,sz.000755
2640,sz.000756
2641,sz.000757
2642,sz.000758
2643,sz.000759
2644,sz.000761
2645,sz.000762
2646,sz.000766
2647,sz.000767
2648,sz.000768
2649,sz.000776
2650,sz.000777
2651,sz.000778
2652,sz.000779
2653,sz.000782
2654,sz.000783
2655,sz.000785
2656,sz.000786
2657,sz.000788
2658,sz.000789
2659,sz.000790
2660,sz.000791
2661,sz.000792
2662,sz.000793
2663,sz.000795
2664,sz.000796
2665,sz.000797
2666,sz.000798
2667,sz.000799
2668,sz.000800
2669,sz.000801
2670,sz.000802
2671,sz.000803
2672,sz.000806
2673,sz.000807
2674,sz.000809
2675,sz.000810
2676,sz.000811
2677,sz.000812
2678,sz.000813
2679,sz.000815
2680,sz.000816
2681,sz.000818
2682,sz.000819
2683,sz.000820
2684,sz.000821
2685,sz.000822
2686,sz.000823
2687,sz.000825
2688,sz.000826
2689,sz.000828
2690,sz.000829
2691,sz.000830
2692,sz.000831
2693,sz.000833
2694,sz.000835
2695,sz.000836
2696,sz.000837
2697,sz.000838
2698,sz.000839
2699,sz.000848
2700,sz.000850
2701,sz.000851
2702,sz.000852
2703,sz.000856
2704,sz.000858
2705,sz.000859
2706,sz.000860
2707,sz.000861
2708,sz.000862
2709,sz.000863
2710,sz.000868
2711,sz.000869
2712,sz.000875
2713,sz.000876
2714,sz.000877
2715,sz.000878
2716,sz.000880
2717,sz.000881
2718,sz.000882
2719,sz.000883
2720,sz.000885
2721,sz.000886
2722,sz.000887
2723,sz.000888
2724,sz.000889
2725,sz.000890
2726,sz.000892
2727,sz.000893
2728,sz.000895
2729,sz.000897
2730,sz.000898
2731,sz.000899
2732,sz.000900
2733,sz.000901
2734,sz.000902
2735,sz.000903
2736,sz.000905
2737,sz.000906
2738,sz.000908
2739,sz.000909
2740,sz.000910
2741,sz.000911
2742,sz.000912
2743,sz.000913
2744,sz.000915
2745,sz.000917
2746,sz.000918
2747,sz.000919
2748,sz.000920
2749,sz.000921
2750,sz.000922
2751,sz.000923
2752,sz.000925
2753,sz.000926
2754,sz.000927
2755,sz.000928
2756,sz.000929
2757,sz.000930
2758,sz.000931
2759,sz.000932
2760,sz.000933
2761,sz.000935
2762,sz.000936
2763,sz.000937
2764,sz.000938
2765,sz.000948
2766,sz.000949
2767,sz.000950
2768,sz.000951
2769,sz.000952
2770,sz.000953
2771,sz.000955
2772,sz.000957
2773,sz.000958
2774,sz.000959
2775,sz.000960
2776,sz.000961
2777,sz.000962
2778,sz.000963
2779,sz.000965
2780,sz.000966
2781,sz.000967
2782,sz.000968
2783,sz.000969
2784,sz.000970
2785,sz.000971
2786,sz.000972
2787,sz.000973
2788,sz.000975
2789,sz.000976
2790,sz.000977
2791,sz.000978
2792,sz.000980
2793,sz.000981
2794,sz.000982
2795,sz.000983
2796,sz.000985
2797,sz.000987
2798,sz.000988
2799,sz.000989
2800,sz.000990
2801,sz.000993
2802,sz.000995
2803,sz.000996
2804,sz.000997
2805,sz.000998
2806,sz.000999
2807,sz.001201
2808,sz.001202
2809,sz.001203
2810,sz.001205
2811,sz.001206
2812,sz.001207
2813,sz.001208
2814,sz.001209
2815,sz.001210
2816,sz.001211
2817,sz.001212
2818,sz.001213
2819,sz.001215
2820,sz.001216
2821,sz.001217
2822,sz.001218
2823,sz.001219
2824,sz.001227
2825,sz.001234
2826,sz.001266
2827,sz.001267
2828,sz.001288
2829,sz.001289
2830,sz.001296
2831,sz.001313
2832,sz.001317
2833,sz.001696
2834,sz.001872
2835,sz.001896
2836,sz.001914
2837,sz.001965
2838,sz.001979
2839,sz.002001
2840,sz.002002
2841,sz.002003
2842,sz.002004
2843,sz.002005
2844,sz.002006
2845,sz.002007
2846,sz.002008
2847,sz.002009
2848,sz.002010
2849,sz.002011
2850,sz.002012
2851,sz.002013
2852,sz.002014
2853,sz.002015
2854,sz.002016
2855,sz.002017
2856,sz.002019
2857,sz.002020
2858,sz.002021
2859,sz.002022
2860,sz.002023
2861,sz.002024
2862,sz.002025
2863,sz.002026
2864,sz.002027
2865,sz.002028
2866,sz.002029
2867,sz.002030
2868,sz.002031
2869,sz.002032
2870,sz.002033
2871,sz.002034
2872,sz.002035
2873,sz.002036
2874,sz.002037
2875,sz.002038
2876,sz.002039
2877,sz.002040
2878,sz.002041
2879,sz.002042
2880,sz.002043
2881,sz.002044
2882,sz.002045
2883,sz.002046
2884,sz.002047
2885,sz.002048
2886,sz.002049
2887,sz.002050
2888,sz.002051
2889,sz.002052
2890,sz.002053
2891,sz.002054
2892,sz.002055
2893,sz.002056
2894,sz.002057
2895,sz.002058
2896,sz.002059
2897,sz.002060
2898,sz.002061
2899,sz.002062
2900,sz.002063
2901,sz.002064
2902,sz.002065
2903,sz.002066
2904,sz.002067
2905,sz.002068
2906,sz.002069
2907,sz.002072
2908,sz.002073
2909,sz.002074
2910,sz.002075
2911,sz.002076
2912,sz.002077
2913,sz.002078
2914,sz.002079
2915,sz.002080
2916,sz.002081
2917,sz.002082
2918,sz.002083
2919,sz.002084
2920,sz.002085
2921,sz.002086
2922,sz.002087
2923,sz.002088
2924,sz.002089
2925,sz.002090
2926,sz.002091
2927,sz.002092
2928,sz.002093
2929,sz.002094
2930,sz.002095
2931,sz.002096
2932,sz.002097
2933,sz.002098
2934,sz.002099
2935,sz.002100
2936,sz.002101
2937,sz.002102
2938,sz.002103
2939,sz.002104
2940,sz.002105
2941,sz.002106
2942,sz.002107
2943,sz.002108
2944,sz.002109
2945,sz.002110
2946,sz.002111
2947,sz.002112
2948,sz.002113
2949,sz.002114
2950,sz.002115
2951,sz.002116
2952,sz.002117
2953,sz.002118
2954,sz.002119
2955,sz.002120
2956,sz.002121
2957,sz.002122
2958,sz.002123
2959,sz.002124
2960,sz.002125
2961,sz.002126
2962,sz.002127
2963,sz.002128
2964,sz.002129
2965,sz.002130
2966,sz.002131
2967,sz.002132
2968,sz.002133
2969,sz.002134
2970,sz.002135
2971,sz.002136
2972,sz.002137
2973,sz.002138
2974,sz.002139
2975,sz.002140
2976,sz.002141
2977,sz.002142
2978,sz.002144
2979,sz.002145
2980,sz.002146
2981,sz.002147
2982,sz.002148
2983,sz.002149
2984,sz.002150
2985,sz.002151
2986,sz.002152
2987,sz.002153
2988,sz.002154
2989,sz.002155
2990,sz.002156
2991,sz.002157
2992,sz.002158
2993,sz.002159
2994,sz.002160
2995,sz.002161
2996,sz.002162
2997,sz.002163
2998,sz.002164
2999,sz.002165
3000,sz.002166
3001,sz.002167
3002,sz.002168
3003,sz.002169
3004,sz.002170
3005,sz.002171
3006,sz.002172
3007,sz.002173
3008,sz.002174
3009,sz.002175
3010,sz.002176
3011,sz.002177
3012,sz.002178
3013,sz.002179
3014,sz.002180
3015,sz.002181
3016,sz.002182
3017,sz.002183
3018,sz.002184
3019,sz.002185
3020,sz.002186
3021,sz.002187
3022,sz.002188
3023,sz.002189
3024,sz.002190
3025,sz.002191
3026,sz.002192
3027,sz.002193
3028,sz.002194
3029,sz.002195
3030,sz.002196
3031,sz.002197
3032,sz.002198
3033,sz.002199
3034,sz.002200
3035,sz.002201
3036,sz.002202
3037,sz.002203
3038,sz.002204
3039,sz.002205
3040,sz.002206
3041,sz.002207
3042,sz.002208
3043,sz.002209
3044,sz.002210
3045,sz.002211
3046,sz.002212
3047,sz.002213
3048,sz.002214
3049,sz.002215
3050,sz.002216
3051,sz.002217
3052,sz.002218
3053,sz.002219
3054,sz.002221
3055,sz.002222
3056,sz.002223
3057,sz.002224
3058,sz.002225
3059,sz.002226
3060,sz.002227
3061,sz.002228
3062,sz.002229
3063,sz.002230
3064,sz.002231
3065,sz.002232
3066,sz.002233
3067,sz.002234
3068,sz.002235
3069,sz.002236
3070,sz.002237
3071,sz.002238
3072,sz.002239
3073,sz.002240
3074,sz.002241
3075,sz.002242
3076,sz.002243
3077,sz.002244
3078,sz.002245
3079,sz.002246
3080,sz.002247
3081,sz.002248
3082,sz.002249
3083,sz.002250
3084,sz.002251
3085,sz.002252
3086,sz.002253
3087,sz.002254
3088,sz.002255
3089,sz.002256
3090,sz.002258
3091,sz.002259
3092,sz.002260
3093,sz.002261
3094,sz.002262
3095,sz.002263
3096,sz.002264
3097,sz.002265
3098,sz.002266
3099,sz.002267
3100,sz.002268
3101,sz.002269
3102,sz.002270
3103,sz.002271
3104,sz.002272
3105,sz.002273
3106,sz.002274
3107,sz.002275
3108,sz.002276
3109,sz.002277
3110,sz.002278
3111,sz.002279
3112,sz.002280
3113,sz.002281
3114,sz.002282
3115,sz.002283
3116,sz.002284
3117,sz.002285
3118,sz.002286
3119,sz.002287
3120,sz.002288
3121,sz.002289
3122,sz.002290
3123,sz.002291
3124,sz.002292
3125,sz.002293
3126,sz.002294
3127,sz.002295
3128,sz.002296
3129,sz.002297
3130,sz.002298
3131,sz.002299
3132,sz.002300
3133,sz.002301
3134,sz.002302
3135,sz.002303
3136,sz.002304
3137,sz.002305
3138,sz.002306
3139,sz.002307
3140,sz.002308
3141,sz.002309
3142,sz.002310
3143,sz.002311
3144,sz.002312
3145,sz.002313
3146,sz.002314
3147,sz.002315
3148,sz.002316
3149,sz.002317
3150,sz.002318
3151,sz.002319
3152,sz.002320
3153,sz.002321
3154,sz.002322
3155,sz.002323
3156,sz.002324
3157,sz.002325
3158,sz.002326
3159,sz.002327
3160,sz.002328
3161,sz.002329
3162,sz.002330
3163,sz.002331
3164,sz.002332
3165,sz.002333
3166,sz.002334
3167,sz.002335
3168,sz.002336
3169,sz.002337
3170,sz.002338
3171,sz.002339
3172,sz.002340
3173,sz.002341
3174,sz.002342
3175,sz.002343
3176,sz.002344
3177,sz.002345
3178,sz.002346
3179,sz.002347
3180,sz.002348
3181,sz.002349
3182,sz.002350
3183,sz.002351
3184,sz.002352
3185,sz.002353
3186,sz.002354
3187,sz.002355
3188,sz.002356
3189,sz.002357
3190,sz.002358
3191,sz.002360
3192,sz.002361
3193,sz.002362
3194,sz.002363
3195,sz.002364
3196,sz.002365
3197,sz.002366
3198,sz.002367
3199,sz.002368
3200,sz.002369
3201,sz.002370
3202,sz.002371
3203,sz.002372
3204,sz.002373
3205,sz.002374
3206,sz.002375
3207,sz.002376
3208,sz.002377
3209,sz.002378
3210,sz.002379
3211,sz.002380
3212,sz.002381
3213,sz.002382
3214,sz.002383
3215,sz.002384
3216,sz.002385
3217,sz.002386
3218,sz.002387
3219,sz.002388
3220,sz.002389
3221,sz.002390
3222,sz.002391
3223,sz.002392
3224,sz.002393
3225,sz.002394
3226,sz.002395
3227,sz.002396
3228,sz.002397
3229,sz.002398
3230,sz.002399
3231,sz.002400
3232,sz.002401
3233,sz.002402
3234,sz.002403
3235,sz.002404
3236,sz.002405
3237,sz.002406
3238,sz.002407
3239,sz.002408
3240,sz.002409
3241,sz.002410
3242,sz.002411
3243,sz.002412
3244,sz.002413
3245,sz.002414
3246,sz.002415
3247,sz.002416
3248,sz.002417
3249,sz.002418
3250,sz.002419
3251,sz.002420
3252,sz.002421
3253,sz.002422
3254,sz.002423
3255,sz.002424
3256,sz.002425
3257,sz.002426
3258,sz.002427
3259,sz.002428
3260,sz.002429
3261,sz.002430
3262,sz.002431
3263,sz.002432
3264,sz.002433
3265,sz.002434
3266,sz.002435
3267,sz.002436
3268,sz.002437
3269,sz.002438
3270,sz.002439
3271,sz.002440
3272,sz.002441
3273,sz.002442
3274,sz.002443
3275,sz.002444
3276,sz.002445
3277,sz.002446
3278,sz.002447
3279,sz.002448
3280,sz.002449
3281,sz.002451
3282,sz.002452
3283,sz.002453
3284,sz.002454
3285,sz.002455
3286,sz.002456
3287,sz.002457
3288,sz.002458
3289,sz.002459
3290,sz.002460
3291,sz.002461
3292,sz.002462
3293,sz.002463
3294,sz.002464
3295,sz.002465
3296,sz.002466
3297,sz.002467
3298,sz.002468
3299,sz.002469
3300,sz.002470
3301,sz.002471
3302,sz.002472
3303,sz.002473
3304,sz.002474
3305,sz.002475
3306,sz.002476
3307,sz.002478
3308,sz.002479
3309,sz.002480
3310,sz.002481
3311,sz.002482
3312,sz.002483
3313,sz.002484
3314,sz.002485
3315,sz.002486
3316,sz.002487
3317,sz.002488
3318,sz.002489
3319,sz.002490
3320,sz.002491
3321,sz.002492
3322,sz.002493
3323,sz.002494
3324,sz.002495
3325,sz.002496
3326,sz.002497
3327,sz.002498
3328,sz.002499
3329,sz.002500
3330,sz.002501
3331,sz.002502
3332,sz.002503
3333,sz.002504
3334,sz.002505
3335,sz.002506
3336,sz.002507
3337,sz.002508
3338,sz.002510
3339,sz.002511
3340,sz.002512
3341,sz.002513
3342,sz.002514
3343,sz.002515
3344,sz.002516
3345,sz.002517
3346,sz.002518
3347,sz.002519
3348,sz.002520
3349,sz.002521
3350,sz.002522
3351,sz.002523
3352,sz.002524
3353,sz.002526
3354,sz.002527
3355,sz.002528
3356,sz.002529
3357,sz.002530
3358,sz.002531
3359,sz.002532
3360,sz.002533
3361,sz.002534
3362,sz.002535
3363,sz.002536
3364,sz.002537
3365,sz.002538
3366,sz.002539
3367,sz.002540
3368,sz.002541
3369,sz.002542
3370,sz.002543
3371,sz.002544
3372,sz.002545
3373,sz.002546
3374,sz.002547
3375,sz.002548
3376,sz.002549
3377,sz.002550
3378,sz.002551
3379,sz.002552
3380,sz.002553
3381,sz.002554
3382,sz.002555
3383,sz.002556
3384,sz.002557
3385,sz.002558
3386,sz.002559
3387,sz.002560
3388,sz.002561
3389,sz.002562
3390,sz.002563
3391,sz.002564
3392,sz.002565
3393,sz.002566
3394,sz.002567
3395,sz.002568
3396,sz.002569
3397,sz.002570
3398,sz.002571
3399,sz.002572
3400,sz.002573
3401,sz.002574
3402,sz.002575
3403,sz.002576
3404,sz.002577
3405,sz.002578
3406,sz.002579
3407,sz.002580
3408,sz.002581
3409,sz.002582
3410,sz.002583
3411,sz.002584
3412,sz.002585
3413,sz.002586
3414,sz.002587
3415,sz.002588
3416,sz.002589
3417,sz.002590
3418,sz.002591
3419,sz.002592
3420,sz.002593
3421,sz.002594
3422,sz.002595
3423,sz.002596
3424,sz.002597
3425,sz.002598
3426,sz.002599
3427,sz.002600
3428,sz.002601
3429,sz.002602
3430,sz.002603
3431,sz.002605
3432,sz.002606
3433,sz.002607
3434,sz.002608
3435,sz.002609
3436,sz.002610
3437,sz.002611
3438,sz.002612
3439,sz.002613
3440,sz.002614
3441,sz.002615
3442,sz.002616
3443,sz.002617
3444,sz.002618
3445,sz.002619
3446,sz.002620
3447,sz.002621
3448,sz.002622
3449,sz.002623
3450,sz.002624
3451,sz.002625
3452,sz.002626
3453,sz.002627
3454,sz.002628
3455,sz.002629
3456,sz.002630
3457,sz.002631
3458,sz.002632
3459,sz.002633
3460,sz.002634
3461,sz.002635
3462,sz.002636
3463,sz.002637
3464,sz.002638
3465,sz.002639
3466,sz.002640
3467,sz.002641
3468,sz.002642
3469,sz.002643
3470,sz.002644
3471,sz.002645
3472,sz.002646
3473,sz.002647
3474,sz.002648
3475,sz.002649
3476,sz.002650
3477,sz.002651
3478,sz.002652
3479,sz.002653
3480,sz.002654
3481,sz.002655
3482,sz.002656
3483,sz.002657
3484,sz.002658
3485,sz.002659
3486,sz.002660
3487,sz.002661
3488,sz.002662
3489,sz.002663
3490,sz.002664
3491,sz.002665
3492,sz.002666
3493,sz.002667
3494,sz.002668
3495,sz.002669
3496,sz.002670
3497,sz.002671
3498,sz.002672
3499,sz.002673
3500,sz.002674
3501,sz.002675
3502,sz.002676
3503,sz.002677
3504,sz.002678
3505,sz.002679
3506,sz.002681
3507,sz.002682
3508,sz.002683
3509,sz.002684
3510,sz.002685
3511,sz.002686
3512,sz.002687
3513,sz.002688
3514,sz.002689
3515,sz.002690
3516,sz.002691
3517,sz.002692
3518,sz.002693
3519,sz.002694
3520,sz.002695
3521,sz.002696
3522,sz.002697
3523,sz.002698
3524,sz.002699
3525,sz.002700
3526,sz.002701
3527,sz.002702
3528,sz.002703
3529,sz.002705
3530,sz.002706
3531,sz.002707
3532,sz.002708
3533,sz.002709
3534,sz.002712
3535,sz.002713
3536,sz.002714
3537,sz.002715
3538,sz.002716
3539,sz.002717
3540,sz.002718
3541,sz.002719
3542,sz.002721
3543,sz.002722
3544,sz.002723
3545,sz.002724
3546,sz.002725
3547,sz.002726
3548,sz.002727
3549,sz.002728
3550,sz.002729
3551,sz.002730
3552,sz.002731
3553,sz.002732
3554,sz.002733
3555,sz.002734
3556,sz.002735
3557,sz.002736
3558,sz.002737
3559,sz.002738
3560,sz.002739
3561,sz.002740
3562,sz.002741
3563,sz.002742
3564,sz.002743
3565,sz.002745
3566,sz.002746
3567,sz.002747
3568,sz.002748
3569,sz.002749
3570,sz.002750
3571,sz.002751
3572,sz.002752
3573,sz.002753
3574,sz.002755
3575,sz.002756
3576,sz.002757
3577,sz.002758
3578,sz.002759
3579,sz.002760
3580,sz.002761
3581,sz.002762
3582,sz.002763
3583,sz.002765
3584,sz.002766
3585,sz.002767
3586,sz.002768
3587,sz.002769
3588,sz.002770
3589,sz.002771
3590,sz.002772
3591,sz.002773
3592,sz.002774
3593,sz.002775
3594,sz.002776
3595,sz.002777
3596,sz.002778
3597,sz.002779
3598,sz.002780
3599,sz.002781
3600,sz.002782
3601,sz.002783
3602,sz.002785
3603,sz.002786
3604,sz.002787
3605,sz.002788
3606,sz.002789
3607,sz.002790
3608,sz.002791
3609,sz.002792
3610,sz.002793
3611,sz.002795
3612,sz.002796
3613,sz.002797
3614,sz.002798
3615,sz.002799
3616,sz.002800
3617,sz.002801
3618,sz.002802
3619,sz.002803
3620,sz.002805
3621,sz.002806
3622,sz.002807
3623,sz.002808
3624,sz.002809
3625,sz.002810
3626,sz.002811
3627,sz.002812
3628,sz.002813
3629,sz.002815
3630,sz.002816
3631,sz.002817
3632,sz.002818
3633,sz.002819
3634,sz.002820
3635,sz.002821
3636,sz.002822
3637,sz.002823
3638,sz.002824
3639,sz.002825
3640,sz.002826
3641,sz.002827
3642,sz.002828
3643,sz.002829
3644,sz.002830
3645,sz.002831
3646,sz.002832
3647,sz.002833
3648,sz.002835
3649,sz.002836
3650,sz.002837
3651,sz.002838
3652,sz.002839
3653,sz.002840
3654,sz.002841
3655,sz.002842
3656,sz.002843
3657,sz.002845
3658,sz.002846
3659,sz.002847
3660,sz.002848
3661,sz.002849
3662,sz.002850
3663,sz.002851
3664,sz.002852
3665,sz.002853
3666,sz.002855
3667,sz.002856
3668,sz.002857
3669,sz.002858
3670,sz.002859
3671,sz.002860
3672,sz.002861
3673,sz.002862
3674,sz.002863
3675,sz.002864
3676,sz.002865
3677,sz.002866
3678,sz.002867
3679,sz.002868
3680,sz.002869
3681,sz.002870
3682,sz.002871
3683,sz.002872
3684,sz.002873
3685,sz.002875
3686,sz.002876
3687,sz.002877
3688,sz.002878
3689,sz.002879
3690,sz.002880
3691,sz.002881
3692,sz.002882
3693,sz.002883
3694,sz.002884
3695,sz.002885
3696,sz.002886
3697,sz.002887
3698,sz.002888
3699,sz.002889
3700,sz.002890
3701,sz.002891
3702,sz.002892
3703,sz.002893
3704,sz.002895
3705,sz.002896
3706,sz.002897
3707,sz.002898
3708,sz.002899
3709,sz.002900
3710,sz.002901
3711,sz.002902
3712,sz.002903
3713,sz.002905
3714,sz.002906
3715,sz.002907
3716,sz.002908
3717,sz.002909
3718,sz.002910
3719,sz.002911
3720,sz.002912
3721,sz.002913
3722,sz.002915
3723,sz.002916
3724,sz.002917
3725,sz.002918
3726,sz.002919
3727,sz.002920
3728,sz.002921
3729,sz.002922
3730,sz.002923
3731,sz.002925
3732,sz.002926
3733,sz.002927
3734,sz.002928
3735,sz.002929
3736,sz.002930
3737,sz.002931
3738,sz.002932
3739,sz.002933
3740,sz.002935
3741,sz.002936
3742,sz.002937
3743,sz.002938
3744,sz.002939
3745,sz.002940
3746,sz.002941
3747,sz.002942
3748,sz.002943
3749,sz.002945
3750,sz.002946
3751,sz.002947
3752,sz.002948
3753,sz.002949
3754,sz.002950
3755,sz.002951
3756,sz.002952
3757,sz.002953
3758,sz.002955
3759,sz.002956
3760,sz.002957
3761,sz.002958
3762,sz.002959
3763,sz.002960
3764,sz.002961
3765,sz.002962
3766,sz.002963
3767,sz.002965
3768,sz.002966
3769,sz.002967
3770,sz.002968
3771,sz.002969
3772,sz.002970
3773,sz.002971
3774,sz.002972
3775,sz.002973
3776,sz.002975
3777,sz.002976
3778,sz.002977
3779,sz.002978
3780,sz.002979
3781,sz.002980
3782,sz.002981
3783,sz.002982
3784,sz.002983
3785,sz.002984
3786,sz.002985
3787,sz.002986
3788,sz.002987
3789,sz.002988
3790,sz.002989
3791,sz.002990
3792,sz.002991
3793,sz.002992
3794,sz.002993
3795,sz.002995
3796,sz.002996
3797,sz.002997
3798,sz.002998
3799,sz.002999
3800,sz.003000
3801,sz.003001
3802,sz.003002
3803,sz.003003
3804,sz.003004
3805,sz.003005
3806,sz.003006
3807,sz.003007
3808,sz.003008
3809,sz.003009
3810,sz.003010
3811,sz.003011
3812,sz.003012
3813,sz.003013
3814,sz.003015
3815,sz.003016
3816,sz.003017
3817,sz.003018
3818,sz.003019
3819,sz.003020
3820,sz.003021
3821,sz.003022
3822,sz.003023
3823,sz.003025
3824,sz.003026
3825,sz.003027
3826,sz.003028
3827,sz.003029
3828,sz.003030
3829,sz.003031
3830,sz.003032
3831,sz.003033
3832,sz.003035
3833,sz.003036
3834,sz.003037
3835,sz.003038
3836,sz.003039
3837,sz.003040
3838,sz.003041
3839,sz.003042
3840,sz.003043
3841,sz.003816
3842,sz.300001
3843,sz.300002
3844,sz.300003
3845,sz.300004
3846,sz.300005
3847,sz.300006
3848,sz.300007
3849,sz.300008
3850,sz.300009
3851,sz.300010
3852,sz.300011
3853,sz.300012
3854,sz.300013
3855,sz.300014
3856,sz.300015
3857,sz.300016
3858,sz.300017
3859,sz.300018
3860,sz.300019
3861,sz.300020
3862,sz.300021
3863,sz.300022
3864,sz.300023
3865,sz.300024
3866,sz.300025
3867,sz.300026
3868,sz.300027
3869,sz.300029
3870,sz.300030
3871,sz.300031
3872,sz.300032
3873,sz.300033
3874,sz.300034
3875,sz.300035
3876,sz.300036
3877,sz.300037
3878,sz.300038
3879,sz.300039
3880,sz.300040
3881,sz.300041
3882,sz.300042
3883,sz.300043
3884,sz.300044
3885,sz.300045
3886,sz.300046
3887,sz.300047
3888,sz.300048
3889,sz.300049
3890,sz.300050
3891,sz.300051
3892,sz.300052
3893,sz.300053
3894,sz.300054
3895,sz.300055
3896,sz.300056
3897,sz.300057
3898,sz.300058
3899,sz.300059
3900,sz.300061
3901,sz.300062
3902,sz.300063
3903,sz.300064
3904,sz.300065
3905,sz.300066
3906,sz.300067
3907,sz.300068
3908,sz.300069
3909,sz.300070
3910,sz.300071
3911,sz.300072
3912,sz.300073
3913,sz.300074
3914,sz.300075
3915,sz.300076
3916,sz.300077
3917,sz.300078
3918,sz.300079
3919,sz.300080
3920,sz.300081
3921,sz.300082
3922,sz.300083
3923,sz.300084
3924,sz.300085
3925,sz.300086
3926,sz.300087
3927,sz.300088
3928,sz.300089
3929,sz.300091
3930,sz.300092
3931,sz.300093
3932,sz.300094
3933,sz.300095
3934,sz.300096
3935,sz.300097
3936,sz.300098
3937,sz.300099
3938,sz.300100
3939,sz.300101
3940,sz.300102
3941,sz.300103
3942,sz.300105
3943,sz.300106
3944,sz.300107
3945,sz.300108
3946,sz.300109
3947,sz.300110
3948,sz.300111
3949,sz.300112
3950,sz.300113
3951,sz.300114
3952,sz.300115
3953,sz.300116
3954,sz.300117
3955,sz.300118
3956,sz.300119
3957,sz.300120
3958,sz.300121
3959,sz.300122
3960,sz.300123
3961,sz.300124
3962,sz.300125
3963,sz.300126
3964,sz.300127
3965,sz.300128
3966,sz.300129
3967,sz.300130
3968,sz.300131
3969,sz.300132
3970,sz.300133
3971,sz.300134
3972,sz.300135
3973,sz.300136
3974,sz.300137
3975,sz.300138
3976,sz.300139
3977,sz.300140
3978,sz.300141
3979,sz.300142
3980,sz.300143
3981,sz.300144
3982,sz.300145
3983,sz.300146
3984,sz.300147
3985,sz.300148
3986,sz.300149
3987,sz.300150
3988,sz.300151
3989,sz.300152
3990,sz.300153
3991,sz.300154
3992,sz.300155
3993,sz.300157
3994,sz.300158
3995,sz.300159
3996,sz.300160
3997,sz.300161
3998,sz.300162
3999,sz.300163
4000,sz.300164
4001,sz.300165
4002,sz.300166
4003,sz.300167
4004,sz.300168
4005,sz.300169
4006,sz.300170
4007,sz.300171
4008,sz.300172
4009,sz.300173
4010,sz.300174
4011,sz.300175
4012,sz.300176
4013,sz.300177
4014,sz.300178
4015,sz.300179
4016,sz.300180
4017,sz.300181
4018,sz.300182
4019,sz.300183
4020,sz.300184
4021,sz.300185
4022,sz.300187
4023,sz.300188
4024,sz.300189
4025,sz.300190
4026,sz.300191
4027,sz.300192
4028,sz.300193
4029,sz.300194
4030,sz.300195
4031,sz.300196
4032,sz.300197
4033,sz.300198
4034,sz.300199
4035,sz.300200
4036,sz.300201
4037,sz.300202
4038,sz.300203
4039,sz.300204
4040,sz.300205
4041,sz.300206
4042,sz.300207
4043,sz.300208
4044,sz.300209
4045,sz.300210
4046,sz.300211
4047,sz.300212
4048,sz.300213
4049,sz.300214
4050,sz.300215
4051,sz.300217
4052,sz.300218
4053,sz.300219
4054,sz.300220
4055,sz.300221
4056,sz.300222
4057,sz.300223
4058,sz.300224
4059,sz.300225
4060,sz.300226
4061,sz.300227
4062,sz.300228
4063,sz.300229
4064,sz.300230
4065,sz.300231
4066,sz.300232
4067,sz.300233
4068,sz.300234
4069,sz.300235
4070,sz.300236
4071,sz.300237
4072,sz.300238
4073,sz.300239
4074,sz.300240
4075,sz.300241
4076,sz.300242
4077,sz.300243
4078,sz.300244
4079,sz.300245
4080,sz.300246
4081,sz.300247
4082,sz.300248
4083,sz.300249
4084,sz.300250
4085,sz.300251
4086,sz.300252
4087,sz.300253
4088,sz.300254
4089,sz.300255
4090,sz.300256
4091,sz.300257
4092,sz.300258
4093,sz.300259
4094,sz.300260
4095,sz.300261
4096,sz.300262
4097,sz.300263
4098,sz.300264
4099,sz.300265
4100,sz.300266
4101,sz.300267
4102,sz.300268
4103,sz.300269
4104,sz.300270
4105,sz.300271
4106,sz.300272
4107,sz.300273
4108,sz.300274
4109,sz.300275
4110,sz.300276
4111,sz.300277
4112,sz.300278
4113,sz.300279
4114,sz.300280
4115,sz.300281
4116,sz.300282
4117,sz.300283
4118,sz.300284
4119,sz.300285
4120,sz.300286
4121,sz.300287
4122,sz.300288
4123,sz.300289
4124,sz.300290
4125,sz.300291
4126,sz.300292
4127,sz.300293
4128,sz.300294
4129,sz.300295
4130,sz.300296
4131,sz.300297
4132,sz.300298
4133,sz.300299
4134,sz.300300
4135,sz.300301
4136,sz.300302
4137,sz.300303
4138,sz.300304
4139,sz.300305
4140,sz.300306
4141,sz.300307
4142,sz.300308
4143,sz.300309
4144,sz.300310
4145,sz.300311
4146,sz.300312
4147,sz.300313
4148,sz.300314
4149,sz.300315
4150,sz.300316
4151,sz.300317
4152,sz.300318
4153,sz.300319
4154,sz.300320
4155,sz.300321
4156,sz.300322
4157,sz.300323
4158,sz.300324
4159,sz.300325
4160,sz.300326
4161,sz.300327
4162,sz.300328
4163,sz.300329
4164,sz.300330
4165,sz.300331
4166,sz.300332
4167,sz.300333
4168,sz.300334
4169,sz.300335
4170,sz.300336
4171,sz.300337
4172,sz.300338
4173,sz.300339
4174,sz.300340
4175,sz.300341
4176,sz.300342
4177,sz.300343
4178,sz.300344
4179,sz.300345
4180,sz.300346
4181,sz.300347
4182,sz.300348
4183,sz.300349
4184,sz.300350
4185,sz.300351
4186,sz.300352
4187,sz.300353
4188,sz.300354
4189,sz.300355
4190,sz.300356
4191,sz.300357
4192,sz.300358
4193,sz.300359
4194,sz.300360
4195,sz.300363
4196,sz.300364
4197,sz.300365
4198,sz.300366
4199,sz.300367
4200,sz.300368
4201,sz.300369
4202,sz.300370
4203,sz.300371
4204,sz.300373
4205,sz.300374
4206,sz.300375
4207,sz.300376
4208,sz.300377
4209,sz.300378
4210,sz.300379
4211,sz.300380
4212,sz.300381
4213,sz.300382
4214,sz.300383
4215,sz.300384
4216,sz.300385
4217,sz.300386
4218,sz.300387
4219,sz.300388
4220,sz.300389
4221,sz.300390
4222,sz.300391
4223,sz.300392
4224,sz.300393
4225,sz.300394
4226,sz.300395
4227,sz.300396
4228,sz.300397
4229,sz.300398
4230,sz.300399
4231,sz.300400
4232,sz.300401
4233,sz.300402
4234,sz.300403
4235,sz.300404
4236,sz.300405
4237,sz.300406
4238,sz.300407
4239,sz.300408
4240,sz.300409
4241,sz.300410
4242,sz.300411
4243,sz.300412
4244,sz.300413
4245,sz.300414
4246,sz.300415
4247,sz.300416
4248,sz.300417
4249,sz.300418
4250,sz.300419
4251,sz.300420
4252,sz.300421
4253,sz.300422
4254,sz.300423
4255,sz.300424
4256,sz.300425
4257,sz.300426
4258,sz.300427
4259,sz.300428
4260,sz.300429
4261,sz.300430
4262,sz.300432
4263,sz.300433
4264,sz.300434
4265,sz.300435
4266,sz.300436
4267,sz.300437
4268,sz.300438
4269,sz.300439
4270,sz.300440
4271,sz.300441
4272,sz.300442
4273,sz.300443
4274,sz.300444
4275,sz.300445
4276,sz.300446
4277,sz.300447
4278,sz.300448
4279,sz.300449
4280,sz.300450
4281,sz.300451
4282,sz.300452
4283,sz.300453
4284,sz.300454
4285,sz.300455
4286,sz.300456
4287,sz.300457
4288,sz.300458
4289,sz.300459
4290,sz.300460
4291,sz.300461
4292,sz.300462
4293,sz.300463
4294,sz.300464
4295,sz.300465
4296,sz.300466
4297,sz.300467
4298,sz.300468
4299,sz.300469
4300,sz.300470
4301,sz.300471
4302,sz.300472
4303,sz.300473
4304,sz.300474
4305,sz.300475
4306,sz.300476
4307,sz.300477
4308,sz.300478
4309,sz.300479
4310,sz.300480
4311,sz.300481
4312,sz.300482
4313,sz.300483
4314,sz.300484
4315,sz.300485
4316,sz.300486
4317,sz.300487
4318,sz.300488
4319,sz.300489
4320,sz.300490
4321,sz.300491
4322,sz.300492
4323,sz.300493
4324,sz.300494
4325,sz.300495
4326,sz.300496
4327,sz.300497
4328,sz.300498
4329,sz.300499
4330,sz.300500
4331,sz.300501
4332,sz.300502
4333,sz.300503
4334,sz.300504
4335,sz.300505
4336,sz.300506
4337,sz.300507
4338,sz.300508
4339,sz.300509
4340,sz.300510
4341,sz.300511
4342,sz.300512
4343,sz.300513
4344,sz.300514
4345,sz.300515
4346,sz.300516
4347,sz.300517
4348,sz.300518
4349,sz.300519
4350,sz.300520
4351,sz.300521
4352,sz.300522
4353,sz.300523
4354,sz.300525
4355,sz.300526
4356,sz.300527
4357,sz.300528
4358,sz.300529
4359,sz.300530
4360,sz.300531
4361,sz.300532
4362,sz.300533
4363,sz.300534
4364,sz.300535
4365,sz.300536
4366,sz.300537
4367,sz.300538
4368,sz.300539
4369,sz.300540
4370,sz.300541
4371,sz.300542
4372,sz.300543
4373,sz.300545
4374,sz.300546
4375,sz.300547
4376,sz.300548
4377,sz.300549
4378,sz.300550
4379,sz.300551
4380,sz.300552
4381,sz.300553
4382,sz.300554
4383,sz.300555
4384,sz.300556
4385,sz.300557
4386,sz.300558
4387,sz.300559
4388,sz.300560
4389,sz.300561
4390,sz.300562
4391,sz.300563
4392,sz.300564
4393,sz.300565
4394,sz.300566
4395,sz.300567
4396,sz.300568
4397,sz.300569
4398,sz.300570
4399,sz.300571
4400,sz.300572
4401,sz.300573
4402,sz.300575
4403,sz.300576
4404,sz.300577
4405,sz.300578
4406,sz.300579
4407,sz.300580
4408,sz.300581
4409,sz.300582
4410,sz.300583
4411,sz.300584
4412,sz.300585
4413,sz.300586
4414,sz.300587
4415,sz.300588
4416,sz.300589
4417,sz.300590
4418,sz.300591
4419,sz.300592
4420,sz.300593
4421,sz.300594
4422,sz.300595
4423,sz.300596
4424,sz.300597
4425,sz.300598
4426,sz.300599
4427,sz.300600
4428,sz.300601
4429,sz.300602
4430,sz.300603
4431,sz.300604
4432,sz.300605
4433,sz.300606
4434,sz.300607
4435,sz.300608
4436,sz.300609
4437,sz.300610
4438,sz.300611
4439,sz.300612
4440,sz.300613
4441,sz.300614
4442,sz.300615
4443,sz.300616
4444,sz.300617
4445,sz.300618
4446,sz.300619
4447,sz.300620
4448,sz.300621
4449,sz.300622
4450,sz.300623
4451,sz.300624
4452,sz.300625
4453,sz.300626
4454,sz.300627
4455,sz.300628
4456,sz.300629
4457,sz.300630
4458,sz.300631
4459,sz.300632
4460,sz.300633
4461,sz.300634
4462,sz.300635
4463,sz.300636
4464,sz.300637
4465,sz.300638
4466,sz.300639
4467,sz.300640
4468,sz.300641
4469,sz.300642
4470,sz.300643
4471,sz.300644
4472,sz.300645
4473,sz.300647
4474,sz.300648
4475,sz.300649
4476,sz.300650
4477,sz.300651
4478,sz.300652
4479,sz.300653
4480,sz.300654
4481,sz.300655
4482,sz.300656
4483,sz.300657
4484,sz.300658
4485,sz.300659
4486,sz.300660
4487,sz.300661
4488,sz.300662
4489,sz.300663
4490,sz.300664
4491,sz.300665
4492,sz.300666
4493,sz.300667
4494,sz.300668
4495,sz.300669
4496,sz.300670
4497,sz.300671
4498,sz.300672
4499,sz.300673
4500,sz.300674
4501,sz.300675
4502,sz.300676
4503,sz.300677
4504,sz.300678
4505,sz.300679
4506,sz.300680
4507,sz.300681
4508,sz.300682
4509,sz.300683
4510,sz.300684
4511,sz.300685
4512,sz.300686
4513,sz.300687
4514,sz.300688
4515,sz.300689
4516,sz.300690
4517,sz.300691
4518,sz.300692
4519,sz.300693
4520,sz.300694
4521,sz.300695
4522,sz.300696
4523,sz.300697
4524,sz.300698
4525,sz.300699
4526,sz.300700
4527,sz.300701
4528,sz.300702
4529,sz.300703
4530,sz.300705
4531,sz.300706
4532,sz.300707
4533,sz.300708
4534,sz.300709
4535,sz.300710
4536,sz.300711
4537,sz.300712
4538,sz.300713
4539,sz.300715
4540,sz.300716
4541,sz.300717
4542,sz.300718
4543,sz.300719
4544,sz.300720
4545,sz.300721
4546,sz.300722
4547,sz.300723
4548,sz.300724
4549,sz.300725
4550,sz.300726
4551,sz.300727
4552,sz.300729
4553,sz.300730
4554,sz.300731
4555,sz.300732
4556,sz.300733
4557,sz.300735
4558,sz.300736
4559,sz.300737
4560,sz.300738
4561,sz.300739
4562,sz.300740
4563,sz.300741
4564,sz.300742
4565,sz.300743
4566,sz.300745
4567,sz.300746
4568,sz.300747
4569,sz.300748
4570,sz.300749
4571,sz.300750
4572,sz.300751
4573,sz.300752
4574,sz.300753
4575,sz.300755
4576,sz.300756
4577,sz.300757
4578,sz.300758
4579,sz.300759
4580,sz.300760
4581,sz.300761
4582,sz.300762
4583,sz.300763
4584,sz.300765
4585,sz.300766
4586,sz.300767
4587,sz.300768
4588,sz.300769
4589,sz.300770
4590,sz.300771
4591,sz.300772
4592,sz.300773
4593,sz.300774
4594,sz.300775
4595,sz.300776
4596,sz.300777
4597,sz.300778
4598,sz.300779
4599,sz.300780
4600,sz.300781
4601,sz.300782
4602,sz.300783
4603,sz.300785
4604,sz.300786
4605,sz.300787
4606,sz.300788
4607,sz.300789
4608,sz.300790
4609,sz.300791
4610,sz.300792
4611,sz.300793
4612,sz.300795
4613,sz.300796
4614,sz.300797
4615,sz.300798
4616,sz.300799
4617,sz.300800
4618,sz.300801
4619,sz.300802
4620,sz.300803
4621,sz.300805
4622,sz.300806
4623,sz.300807
4624,sz.300808
4625,sz.300809
4626,sz.300810
4627,sz.300811
4628,sz.300812
4629,sz.300813
4630,sz.300814
4631,sz.300815
4632,sz.300816
4633,sz.300817
4634,sz.300818
4635,sz.300819
4636,sz.300820
4637,sz.300821
4638,sz.300822
4639,sz.300823
4640,sz.300824
4641,sz.300825
4642,sz.300826
4643,sz.300827
4644,sz.300828
4645,sz.300829
4646,sz.300830
4647,sz.300831
4648,sz.300832
4649,sz.300833
4650,sz.300834
4651,sz.300835
4652,sz.300836
4653,sz.300837
4654,sz.300838
4655,sz.300839
4656,sz.300840
4657,sz.300841
4658,sz.300842
4659,sz.300843
4660,sz.300844
4661,sz.300845
4662,sz.300846
4663,sz.300847
4664,sz.300848
4665,sz.300849
4666,sz.300850
4667,sz.300851
4668,sz.300852
4669,sz.300853
4670,sz.300854
4671,sz.300855
4672,sz.300856
4673,sz.300857
4674,sz.300858
4675,sz.300859
4676,sz.300860
4677,sz.300861
4678,sz.300862
4679,sz.300863
4680,sz.300864
4681,sz.300865
4682,sz.300866
4683,sz.300867
4684,sz.300868
4685,sz.300869
4686,sz.300870
4687,sz.300871
4688,sz.300872
4689,sz.300873
4690,sz.300875
4691,sz.300876
4692,sz.300877
4693,sz.300878
4694,sz.300879
4695,sz.300880
4696,sz.300881
4697,sz.300882
4698,sz.300883
4699,sz.300884
4700,sz.300885
4701,sz.300886
4702,sz.300887
4703,sz.300888
4704,sz.300889
4705,sz.300890
4706,sz.300891
4707,sz.300892
4708,sz.300893
4709,sz.300894
4710,sz.300895
4711,sz.300896
4712,sz.300897
4713,sz.300898
4714,sz.300899
4715,sz.300900
4716,sz.300901
4717,sz.300902
4718,sz.300903
4719,sz.300905
4720,sz.300906
4721,sz.300907
4722,sz.300908
4723,sz.300909
4724,sz.300910
4725,sz.300911
4726,sz.300912
4727,sz.300913
4728,sz.300915
4729,sz.300916
4730,sz.300917
4731,sz.300918
4732,sz.300919
4733,sz.300920
4734,sz.300921
4735,sz.300922
4736,sz.300923
4737,sz.300925
4738,sz.300926
4739,sz.300927
4740,sz.300928
4741,sz.300929
4742,sz.300930
4743,sz.300931
4744,sz.300932
4745,sz.300933
4746,sz.300935
4747,sz.300936
4748,sz.300937
4749,sz.300938
4750,sz.300939
4751,sz.300940
4752,sz.300941
4753,sz.300942
4754,sz.300943
4755,sz.300945
4756,sz.300946
4757,sz.300947
4758,sz.300948
4759,sz.300949
4760,sz.300950
4761,sz.300951
4762,sz.300952
4763,sz.300953
4764,sz.300955
4765,sz.300956
4766,sz.300957
4767,sz.300958
4768,sz.300959
4769,sz.300960
4770,sz.300961
4771,sz.300962
4772,sz.300963
4773,sz.300964
4774,sz.300965
4775,sz.300966
4776,sz.300967
4777,sz.300968
4778,sz.300969
4779,sz.300970
4780,sz.300971
4781,sz.300972
4782,sz.300973
4783,sz.300975
4784,sz.300976
4785,sz.300977
4786,sz.300978
4787,sz.300979
4788,sz.300980
4789,sz.300981
4790,sz.300982
4791,sz.300983
4792,sz.300984
4793,sz.300985
4794,sz.300986
4795,sz.300987
4796,sz.300988
4797,sz.300989
4798,sz.300990
4799,sz.300991
4800,sz.300992
4801,sz.300993
4802,sz.300994
4803,sz.300995
4804,sz.300996
4805,sz.300997
4806,sz.300998
4807,sz.300999
4808,sz.301000
4809,sz.301001
4810,sz.301002
4811,sz.301003
4812,sz.301004
4813,sz.301005
4814,sz.301006
4815,sz.301007
4816,sz.301008
4817,sz.301009
4818,sz.301010
4819,sz.301011
4820,sz.301012
4821,sz.301013
4822,sz.301015
4823,sz.301016
4824,sz.301017
4825,sz.301018
4826,sz.301019
4827,sz.301020
4828,sz.301021
4829,sz.301022
4830,sz.301023
4831,sz.301024
4832,sz.301025
4833,sz.301026
4834,sz.301027
4835,sz.301028
4836,sz.301029
4837,sz.301030
4838,sz.301031
4839,sz.301032
4840,sz.301033
4841,sz.301035
4842,sz.301036
4843,sz.301037
4844,sz.301038
4845,sz.301039
4846,sz.301040
4847,sz.301041
4848,sz.301042
4849,sz.301043
4850,sz.301045
4851,sz.301046
4852,sz.301047
4853,sz.301048
4854,sz.301049
4855,sz.301050
4856,sz.301051
4857,sz.301052
4858,sz.301053
4859,sz.301055
4860,sz.301056
4861,sz.301057
4862,sz.301058
4863,sz.301059
4864,sz.301060
4865,sz.301061
4866,sz.301062
4867,sz.301063
4868,sz.301065
4869,sz.301066
4870,sz.301067
4871,sz.301068
4872,sz.301069
4873,sz.301070
4874,sz.301071
4875,sz.301072
4876,sz.301073
4877,sz.301075
4878,sz.301076
4879,sz.301077
4880,sz.301078
4881,sz.301079
4882,sz.301080
4883,sz.301081
4884,sz.301082
4885,sz.301083
4886,sz.301085
4887,sz.301086
4888,sz.301087
4889,sz.301088
4890,sz.301089
4891,sz.301090
4892,sz.301091
4893,sz.301092
4894,sz.301093
4895,sz.301096
4896,sz.301098
4897,sz.301099
4898,sz.301100
4899,sz.301101
4900,sz.301106
4901,sz.301108
4902,sz.301111
4903,sz.301113
4904,sz.301116
4905,sz.301117
4906,sz.301118
4907,sz.301119
4908,sz.301122
4909,sz.301123
4910,sz.301126
4911,sz.301127
4912,sz.301128
4913,sz.301129
4914,sz.301130
4915,sz.301133
4916,sz.301136
4917,sz.301138
4918,sz.301149
4919,sz.301155
4920,sz.301158
4921,sz.301159
4922,sz.301166
4923,sz.301167
4924,sz.301168
4925,sz.301169
4926,sz.301177
4927,sz.301178
4928,sz.301179
4929,sz.301180
4930,sz.301181
4931,sz.301182
4932,sz.301185
4933,sz.301186
4934,sz.301188
4935,sz.301189
4936,sz.301190
4937,sz.301193
4938,sz.301196
4939,sz.301198
4940,sz.301199
4941,sz.301200
4942,sz.301201
4943,sz.301206
4944,sz.301207
4945,sz.301211
4946,sz.301213
4947,sz.301217
4948,sz.301221
4949,sz.301228
4950,sz.301229
4951,sz.301235
4952,sz.399001
4953,sz.399002
4954,sz.399003
4955,sz.399004
4956,sz.399005
4957,sz.399006
4958,sz.399007
4959,sz.399008
4960,sz.399009
4961,sz.399010
4962,sz.399011
4963,sz.399012
4964,sz.399013
4965,sz.399015
4966,sz.399100
4967,sz.399101
4968,sz.399102
4969,sz.399103
4970,sz.399106
4971,sz.399107
4972,sz.399108
4973,sz.399231
4974,sz.399232
4975,sz.399233
4976,sz.399234
4977,sz.399235
4978,sz.399236
4979,sz.399237
4980,sz.399238
4981,sz.399239
4982,sz.399240
4983,sz.399241
4984,sz.399242
4985,sz.399243
4986,sz.399244
4987,sz.399248
4988,sz.399249
4989,sz.399300
4990,sz.399303
4991,sz.399306
4992,sz.399307
4993,sz.399310
4994,sz.399311
4995,sz.399312
4996,sz.399313
4997,sz.399314
4998,sz.399315
4999,sz.399316
5000,sz.399317
5001,sz.399318
5002,sz.399319
5003,sz.399320
5004,sz.399321
5005,sz.399322
5006,sz.399324
5007,sz.399326
5008,sz.399328
5009,sz.399330
5010,sz.399333
5011,sz.399335
5012,sz.399337
5013,sz.399339
5014,sz.399341
5015,sz.399344
5016,sz.399346
5017,sz.399348
5018,sz.399350
5019,sz.399351
5020,sz.399352
5021,sz.399353
5022,sz.399355
5023,sz.399356
5024,sz.399357
5025,sz.399358
5026,sz.399359
5027,sz.399360
5028,sz.399361
5029,sz.399362
5030,sz.399363
5031,sz.399364
5032,sz.399365
5033,sz.399366
5034,sz.399367
5035,sz.399368
5036,sz.399369
5037,sz.399370
5038,sz.399371
5039,sz.399372
5040,sz.399373
5041,sz.399374
5042,sz.399375
5043,sz.399376
5044,sz.399377
5045,sz.399378
5046,sz.399379
5047,sz.399380
5048,sz.399381
5049,sz.399382
5050,sz.399383
5051,sz.399384
5052,sz.399385
5053,sz.399386
5054,sz.399387
5055,sz.399388
5056,sz.399389
5057,sz.399390
5058,sz.399391
5059,sz.399392
5060,sz.399393
5061,sz.399394
5062,sz.399395
5063,sz.399396
5064,sz.399397
5065,sz.399398
5066,sz.399399
5067,sz.399400
5068,sz.399401
5069,sz.399402
5070,sz.399403
5071,sz.399404
5072,sz.399405
5073,sz.399406
5074,sz.399407
5075,sz.399408
5076,sz.399409
5077,sz.399410
5078,sz.399411
5079,sz.399412
5080,sz.399413
5081,sz.399415
5082,sz.399416
5083,sz.399417
5084,sz.399418
5085,sz.399419
5086,sz.399420
5087,sz.399423
5088,sz.399427
5089,sz.399428
5090,sz.399429
5091,sz.399431
5092,sz.399432
5093,sz.399433
5094,sz.399434
5095,sz.399435
5096,sz.399436
5097,sz.399437
5098,sz.399438
5099,sz.399439
5100,sz.399440
5101,sz.399441
5102,sz.399550
5103,sz.399551
5104,sz.399552
5105,sz.399553
5106,sz.399554
5107,sz.399555
5108,sz.399556
5109,sz.399557
5110,sz.399602
5111,sz.399604
5112,sz.399606
5113,sz.399608
5114,sz.399610
5115,sz.399611
5116,sz.399612
5117,sz.399613
5118,sz.399614
5119,sz.399615
5120,sz.399616
5121,sz.399617
5122,sz.399618
5123,sz.399619
5124,sz.399620
5125,sz.399621
5126,sz.399622
5127,sz.399623
5128,sz.399624
5129,sz.399625
5130,sz.399626
5131,sz.399627
5132,sz.399628
5133,sz.399629
5134,sz.399630
5135,sz.399631
5136,sz.399632
5137,sz.399633
5138,sz.399634
5139,sz.399635
5140,sz.399636
5141,sz.399637
5142,sz.399638
5143,sz.399639
5144,sz.399640
5145,sz.399641
5146,sz.399642
5147,sz.399643
5148,sz.399644
5149,sz.399645
5150,sz.399646
5151,sz.399647
5152,sz.399648
5153,sz.399649
5154,sz.399650
5155,sz.399651
5156,sz.399652
5157,sz.399653
5158,sz.399654
5159,sz.399655
5160,sz.399656
5161,sz.399657
5162,sz.399658
5163,sz.399659
5164,sz.399660
5165,sz.399661
5166,sz.399662
5167,sz.399663
5168,sz.399664
5169,sz.399665
5170,sz.399666
5171,sz.399667
5172,sz.399668
5173,sz.399669
5174,sz.399670
5175,sz.399671
5176,sz.399672
5177,sz.399673
5178,sz.399674
5179,sz.399675
5180,sz.399676
5181,sz.399677
5182,sz.399678
5183,sz.399679
5184,sz.399680
5185,sz.399681
5186,sz.399682
5187,sz.399683
5188,sz.399684
5189,sz.399685
5190,sz.399686
5191,sz.399687
5192,sz.399688
5193,sz.399689
5194,sz.399701
5195,sz.399702
5196,sz.399703
5197,sz.399704
5198,sz.399705
5199,sz.399706
5200,sz.399802
5201,sz.399803
5202,sz.399804
5203,sz.399805
5204,sz.399806
5205,sz.399807
5206,sz.399808
5207,sz.399809
5208,sz.399812
5209,sz.399813
5210,sz.399814
5211,sz.399901
5212,sz.399903
5213,sz.399905
5214,sz.399913
5215,sz.399914
5216,sz.399928
5217,sz.399932
5218,sz.399933
5219,sz.399934
5220,sz.399935
5221,sz.399959
5222,sz.399965
5223,sz.399966
5224,sz.399967
5225,sz.399972
5226,sz.399974
5227,sz.399982
5228,sz.399990
5229,sz.399991
5230,sz.399992
5231,sz.399993
5232,sz.399994
5233,sz.399995
5234,sz.399996
5235,sz.399997
5236,sz.399998
